id,row_index,image_name,image_rel_path,class_id,study_label,income,income_quartile,region,country_id,country_name,topics,source_synonyms,accepted_caption_terms
5d4bf05ccf0b3a0f3f354caa,942,5d4bf05ccf0b3a0f3f354caa.jpg,assets/5d4bf05ccf0b3a0f3f354caa/5d4bf05ccf0b3a0f3f354caa.jpg,858,roof,116.0,Q1,af,lr,Liberia,"[""ceiling""]","[""tile roof""]","[""roof"", ""roofing"", ""ceiling""]"
5d4be798cf0b3a0f3f345bb4,679,5d4be798cf0b3a0f3f345bb4.jpg,assets/5d4be798cf0b3a0f3f345bb4/5d4be798cf0b3a0f3f345bb4.jpg,858,roof,78.0,Q1,as,bd,Bangladesh,"[""ceiling""]","[""tile roof""]","[""roof"", ""roofing"", ""ceiling""]"
5d4bf377cf0b3a0f3f35a144,434,5d4bf377cf0b3a0f3f35a144.jpg,assets/5d4bf377cf0b3a0f3f35a144/5d4bf377cf0b3a0f3f35a144.jpg,858,roof,53.64520422,Q1,af,bf,Burkina Faso,"[""ceiling""]","[""tile roof""]","[""roof"", ""roofing"", ""ceiling""]"
5d4beacdcf0b3a0f3f34b1d8,210,5d4beacdcf0b3a0f3f34b1d8.jpg,assets/5d4beacdcf0b3a0f3f34b1d8/5d4beacdcf0b3a0f3f34b1d8.jpg,858,roof,30.68690172,Q1,as,in,India,"[""roof"", ""ceiling""]","[""tile roof""]","[""roof"", ""roofing"", ""ceiling""]"
5d4bf0bfcf0b3a0f3f355712,485,5d4bf0bfcf0b3a0f3f355712.jpg,assets/5d4bf0bfcf0b3a0f3f355712/5d4bf0bfcf0b3a0f3f355712.jpg,858,roof,80.72770904,Q1,af,ci,Cote d'Ivoire,"[""roof""]","[""tile roof""]","[""roof"", ""roofing"", ""ceiling""]"
5d4bef5dcf0b3a0f3f3531c6,848,5d4bef5dcf0b3a0f3f3531c6.jpg,assets/5d4bef5dcf0b3a0f3f3531c6/5d4bef5dcf0b3a0f3f3531c6.jpg,858,roof,131.5512222,Q1,as,np,Nepal,"[""ceiling""]","[""tile roof""]","[""roof"", ""roofing"", ""ceiling""]"
5d4bf3a8cf0b3a0f3f35a67c,625,5d4bf3a8cf0b3a0f3f35a67c.jpg,assets/5d4bf3a8cf0b3a0f3f35a67c/5d4bf3a8cf0b3a0f3f35a67c.jpg,858,roof,55.93351031,Q1,af,bf,Burkina Faso,"[""roof""]","[""tile roof""]","[""roof"", ""roofing"", ""ceiling""]"
5ec4f9f2f0611d7ddd741bae,1127,5ec4f9f2f0611d7ddd741bae.JPG,assets/5ec4f9f2f0611d7ddd741bae/5ec4f9f2f0611d7ddd741bae.JPG,858,roof,306.0,Q2,af,et,Ethiopia,"[""ceiling""]","[""tile roof""]","[""roof"", ""roofing"", ""ceiling""]"
5ec4fa89f0611d7ddd742087,145,5ec4fa89f0611d7ddd742087.jpg,assets/5ec4fa89f0611d7ddd742087/5ec4fa89f0611d7ddd742087.jpg,858,roof,284.0,Q2,am,br,Brazil,"[""ceiling""]","[""tile roof""]","[""roof"", ""roofing"", ""ceiling""]"
5d4bea54cf0b3a0f3f34a3ac,1016,5d4bea54cf0b3a0f3f34a3ac.jpg,assets/5d4bea54cf0b3a0f3f34a3ac/5d4bea54cf0b3a0f3f34a3ac.jpg,858,roof,221.3244168,Q2,as,in,India,"[""ceiling""]","[""tile roof""]","[""roof"", ""roofing"", ""ceiling""]"
5d4bdefccf0b3a0f3f336ec5,19,5d4bdefccf0b3a0f3f336ec5.jpg,assets/5d4bdefccf0b3a0f3f336ec5/5d4bdefccf0b3a0f3f336ec5.jpg,858,roof,430.0,Q2,eu,rs,Serbia,"[""roof""]","[""tile roof""]","[""roof"", ""roofing"", ""ceiling""]"
5d4be3ffcf0b3a0f3f33f500,257,5d4be3ffcf0b3a0f3f33f500.jpg,assets/5d4be3ffcf0b3a0f3f33f500/5d4be3ffcf0b3a0f3f33f500.jpg,858,roof,227.0,Q2,af,cm,Cameroon,"[""ceiling""]","[""tile roof""]","[""roof"", ""roofing"", ""ceiling""]"
5d4bf2fbcf0b3a0f3f359462,757,5d4bf2fbcf0b3a0f3f359462.jpg,assets/5d4bf2fbcf0b3a0f3f359462/5d4bf2fbcf0b3a0f3f359462.jpg,858,roof,254.0,Q2,am,bo,Bolivia,"[""ceiling""]","[""tile roof""]","[""roof"", ""roofing"", ""ceiling""]"
5d4bf131cf0b3a0f3f356206,235,5d4bf131cf0b3a0f3f356206.jpg,assets/5d4bf131cf0b3a0f3f356206/5d4bf131cf0b3a0f3f356206.jpg,858,roof,564.997748,Q2,as,id,Indonesia,"[""roof""]","[""tile roof""]","[""roof"", ""roofing"", ""ceiling""]"
5ec4f9e2f0611d7ddd741b33,584,5ec4f9e2f0611d7ddd741b33.JPG,assets/5ec4f9e2f0611d7ddd741b33/5ec4f9e2f0611d7ddd741b33.JPG,858,roof,719.0,Q3,af,et,Ethiopia,"[""ceiling""]","[""tile roof""]","[""roof"", ""roofing"", ""ceiling""]"
5fa329ada4fd6103df5dff73,1311,5fa329ada4fd6103df5dff73.jpeg,assets/5fa329ada4fd6103df5dff73/4f89a5293eb89d446fccd7c148286ba8/5fa329ada4fd6103df5dff73.jpeg,858,roof,1025.0,Q3,am,co,Colombia,"[""visit"", ""ceiling""]","[""tile roof""]","[""roof"", ""roofing"", ""ceiling""]"
5d4be103cf0b3a0f3f33a4af,760,5d4be103cf0b3a0f3f33a4af.jpg,assets/5d4be103cf0b3a0f3f33a4af/5d4be103cf0b3a0f3f33a4af.jpg,858,roof,1295.0,Q3,as,in,India,"[""ceiling""]","[""tile roof""]","[""roof"", ""roofing"", ""ceiling""]"
5d4be02fcf0b3a0f3f338c7c,206,5d4be02fcf0b3a0f3f338c7c.JPG,assets/5d4be02fcf0b3a0f3f338c7c/5d4be02fcf0b3a0f3f338c7c.JPG,858,roof,1260.0,Q3,eu,nl,Netherlands,"[""ceiling""]","[""tile roof""]","[""roof"", ""roofing"", ""ceiling""]"
5ec4f97ef0611d7ddd7417d1,73,5ec4f97ef0611d7ddd7417d1.jpg,assets/5ec4f97ef0611d7ddd7417d1/5ec4f97ef0611d7ddd7417d1.jpg,858,roof,745.0,Q3,af,cm,Cameroon,"[""ceiling""]","[""tile roof""]","[""roof"", ""roofing"", ""ceiling""]"
5d4be09bcf0b3a0f3f3398ab,1271,5d4be09bcf0b3a0f3f3398ab.JPG,assets/5d4be09bcf0b3a0f3f3398ab/5d4be09bcf0b3a0f3f3398ab.JPG,858,roof,1034.0,Q3,am,br,Brazil,"[""ceiling""]","[""tile roof""]","[""roof"", ""roofing"", ""ceiling""]"
5ec4f86df0611d7ddd740eb2,1489,5ec4f86df0611d7ddd740eb2.jpg,assets/5ec4f86df0611d7ddd740eb2/5ec4f86df0611d7ddd740eb2.jpg,858,roof,1706.0,Q3,as,ir,Iran,"[""roof""]","[""tile roof""]","[""roof"", ""roofing"", ""ceiling""]"
5d4be61ccf0b3a0f3f343139,1233,5d4be61ccf0b3a0f3f343139.jpg,assets/5d4be61ccf0b3a0f3f343139/5d4be61ccf0b3a0f3f343139.jpg,858,roof,3755.0,Q4,af,za,South Africa,"[""ceiling""]","[""tile roof""]","[""roof"", ""roofing"", ""ceiling""]"
5d4be42ccf0b3a0f3f33fa48,1395,5d4be42ccf0b3a0f3f33fa48.JPG,assets/5d4be42ccf0b3a0f3f33fa48/5d4be42ccf0b3a0f3f33fa48.JPG,858,roof,4446.0,Q4,am,us,United States,"[""ceiling""]","[""tile roof""]","[""roof"", ""roofing"", ""ceiling""]"
5d4be0abcf0b3a0f3f339a79,1560,5d4be0abcf0b3a0f3f339a79.jpg,assets/5d4be0abcf0b3a0f3f339a79/5d4be0abcf0b3a0f3f339a79.jpg,858,roof,5621.0,Q4,as,in,India,"[""ceiling""]","[""tile roof""]","[""roof"", ""roofing"", ""ceiling""]"
5d4be417cf0b3a0f3f33f7d4,1373,5d4be417cf0b3a0f3f33f7d4.JPG,assets/5d4be417cf0b3a0f3f33f7d4/5d4be417cf0b3a0f3f33f7d4.JPG,858,roof,1890.0,Q4,eu,gb,United Kingdom,"[""ceiling""]","[""tile roof""]","[""roof"", ""roofing"", ""ceiling""]"
5d4bebdccf0b3a0f3f34d03d,1307,5d4bebdccf0b3a0f3f34d03d.jpg,assets/5d4bebdccf0b3a0f3f34d03d/5d4bebdccf0b3a0f3f34d03d.jpg,858,roof,4650.0,Q4,am,us,United States,"[""roof""]","[""tile roof""]","[""roof"", ""roofing"", ""ceiling""]"
5d4be136cf0b3a0f3f33aa95,703,5d4be136cf0b3a0f3f33aa95.jpg,assets/5d4be136cf0b3a0f3f33aa95/5d4be136cf0b3a0f3f33aa95.jpg,858,roof,4621.0,Q4,as,in,India,"[""roof""]","[""tile roof""]","[""roof"", ""roofing"", ""ceiling""]"
5d4be404cf0b3a0f3f33f59c,846,5d4be404cf0b3a0f3f33f59c.JPG,assets/5d4be404cf0b3a0f3f33f59c/5d4be404cf0b3a0f3f33f59c.JPG,858,roof,2010.0,Q4,eu,gb,United Kingdom,"[""roof""]","[""tile roof""]","[""roof"", ""roofing"", ""ceiling""]"
5d4be1cbcf0b3a0f3f33ba21,470,5d4be1cbcf0b3a0f3f33ba21.JPG,assets/5d4be1cbcf0b3a0f3f33ba21/5d4be1cbcf0b3a0f3f33ba21.JPG,846,light source,82.0,Q1,af,ke,Kenya,"[""light source in kitchen""]","[""table lamp""]","[""light"", ""lamp"", ""bulb"", ""lantern"", ""candle""]"
5d4be664cf0b3a0f3f343977,940,5d4be664cf0b3a0f3f343977.JPG,assets/5d4be664cf0b3a0f3f343977/5d4be664cf0b3a0f3f343977.JPG,846,light source,102.0,Q1,am,pe,Peru,"[""light source in livingroom"", ""light sources""]","[""table lamp""]","[""light"", ""lamp"", ""bulb"", ""lantern"", ""candle""]"
5d4beab0cf0b3a0f3f34ae70,1491,5d4beab0cf0b3a0f3f34ae70.jpg,assets/5d4beab0cf0b3a0f3f34ae70/5d4beab0cf0b3a0f3f34ae70.jpg,846,light source,170.0,Q1,as,in,India,"[""light source in livingroom""]","[""table lamp""]","[""light"", ""lamp"", ""bulb"", ""lantern"", ""candle""]"
5d4becefcf0b3a0f3f34eb88,951,5d4becefcf0b3a0f3f34eb88.jpg,assets/5d4becefcf0b3a0f3f34eb88/5d4becefcf0b3a0f3f34eb88.jpg,846,light source,41.85460574,Q1,af,zw,Zimbabwe,"[""light source in kitchen""]","[""table lamp""]","[""light"", ""lamp"", ""bulb"", ""lantern"", ""candle""]"
5d4bf271cf0b3a0f3f3583da,339,5d4bf271cf0b3a0f3f3583da.jpg,assets/5d4bf271cf0b3a0f3f3583da/5d4bf271cf0b3a0f3f3583da.jpg,846,light source,144.688254,Q1,am,co,Colombia,"[""light source in livingroom""]","[""table lamp""]","[""light"", ""lamp"", ""bulb"", ""lantern"", ""candle""]"
5d4be752cf0b3a0f3f3453ca,994,5d4be752cf0b3a0f3f3453ca.jpg,assets/5d4be752cf0b3a0f3f3453ca/5d4be752cf0b3a0f3f3453ca.jpg,846,light source,63.5080716,Q1,as,mm,Myanmar,"[""light source in kitchen""]","[""table lamp""]","[""light"", ""lamp"", ""bulb"", ""lantern"", ""candle""]"
5d4bf0b4cf0b3a0f3f3555cc,1284,5d4bf0b4cf0b3a0f3f3555cc.jpg,assets/5d4bf0b4cf0b3a0f3f3555cc/5d4bf0b4cf0b3a0f3f3555cc.jpg,846,light source,82.91518231,Q1,af,ci,Cote d'Ivoire,"[""light source in kitchen""]","[""table lamp""]","[""light"", ""lamp"", ""bulb"", ""lantern"", ""candle""]"
5d4bdfa0cf0b3a0f3f337f53,1101,5d4bdfa0cf0b3a0f3f337f53.jpg,assets/5d4bdfa0cf0b3a0f3f337f53/5d4bdfa0cf0b3a0f3f337f53.jpg,846,light source,398.0,Q2,am,pe,Peru,"[""lightsources by bed"", ""reading light""]","[""table lamp""]","[""light"", ""lamp"", ""bulb"", ""lantern"", ""candle""]"
5f8dfa6069531c2f81fdef7f,836,5f8dfa6069531c2f81fdef7f.jpg,assets/5f8dfa6069531c2f81fdef7f/fd388ca9120731ba6fa5be87599df142/5f8dfa6069531c2f81fdef7f.jpg,846,light source,304.0,Q2,as,pk,Pakistan,"[""visit"", ""lightsources by bed"", ""reading light""]","[""table lamp""]","[""light"", ""lamp"", ""bulb"", ""lantern"", ""candle""]"
5d4be196cf0b3a0f3f33b4c3,641,5d4be196cf0b3a0f3f33b4c3.jpg,assets/5d4be196cf0b3a0f3f33b4c3/5d4be196cf0b3a0f3f33b4c3.jpg,846,light source,685.0,Q2,am,br,Brazil,"[""light source in kitchen""]","[""table lamp""]","[""light"", ""lamp"", ""bulb"", ""lantern"", ""candle""]"
5d4be631cf0b3a0f3f343397,1166,5d4be631cf0b3a0f3f343397.JPG,assets/5d4be631cf0b3a0f3f343397/5d4be631cf0b3a0f3f343397.JPG,846,light source,526.0,Q2,as,in,India,"[""light sources""]","[""table lamp""]","[""light"", ""lamp"", ""bulb"", ""lantern"", ""candle""]"
5ec4fb81f0611d7ddd7428b0,1354,5ec4fb81f0611d7ddd7428b0.jpg,assets/5ec4fb81f0611d7ddd7428b0/5ec4fb81f0611d7ddd7428b0.jpg,846,light source,261.0,Q2,am,co,Colombia,"[""light sources""]","[""table lamp""]","[""light"", ""lamp"", ""bulb"", ""lantern"", ""candle""]"
5d4bdf05cf0b3a0f3f336fb3,229,5d4bdf05cf0b3a0f3f336fb3.JPG,assets/5d4bdf05cf0b3a0f3f336fb3/5d4bdf05cf0b3a0f3f336fb3.JPG,846,light source,293.0,Q2,as,id,Indonesia,"[""light source in livingroom""]","[""table lamp""]","[""light"", ""lamp"", ""bulb"", ""lantern"", ""candle""]"
5ec4fa8ff0611d7ddd7420b5,665,5ec4fa8ff0611d7ddd7420b5.jpg,assets/5ec4fa8ff0611d7ddd7420b5/5ec4fa8ff0611d7ddd7420b5.jpg,846,light source,284.0,Q2,am,br,Brazil,"[""light source in kitchen""]","[""table lamp""]","[""light"", ""lamp"", ""bulb"", ""lantern"", ""candle""]"
5d4be03ccf0b3a0f3f338dde,891,5d4be03ccf0b3a0f3f338dde.JPG,assets/5d4be03ccf0b3a0f3f338dde/5d4be03ccf0b3a0f3f338dde.JPG,846,light source,1643.0,Q3,af,ng,Nigeria,"[""light source in livingroom""]","[""table lamp""]","[""light"", ""lamp"", ""bulb"", ""lantern"", ""candle""]"
5ec4fba1f0611d7ddd7429bc,863,5ec4fba1f0611d7ddd7429bc.jpg,assets/5ec4fba1f0611d7ddd7429bc/5ec4fba1f0611d7ddd7429bc.jpg,846,light source,1482.0,Q3,am,co,Colombia,"[""visit"", ""light sources""]","[""table lamp""]","[""light"", ""lamp"", ""bulb"", ""lantern"", ""candle""]"
5d4be0b0cf0b3a0f3f339b0b,462,5d4be0b0cf0b3a0f3f339b0b.jpg,assets/5d4be0b0cf0b3a0f3f339b0b/5d4be0b0cf0b3a0f3f339b0b.jpg,846,light source,1742.0,Q3,as,in,India,"[""lightsources by bed"", ""reading light""]","[""table lamp""]","[""light"", ""lamp"", ""bulb"", ""lantern"", ""candle""]"
5d4bdfb1cf0b3a0f3f33809d,654,5d4bdfb1cf0b3a0f3f33809d.jpg,assets/5d4bdfb1cf0b3a0f3f33809d/5d4bdfb1cf0b3a0f3f33809d.jpg,846,light source,1038.0,Q3,eu,nl,Netherlands,"[""lightsources by bed"", ""reading light""]","[""table lamp""]","[""light"", ""lamp"", ""bulb"", ""lantern"", ""candle""]"
5d4be672cf0b3a0f3f343b19,1115,5d4be672cf0b3a0f3f343b19.jpg,assets/5d4be672cf0b3a0f3f343b19/5d4be672cf0b3a0f3f343b19.jpg,846,light source,1050.70879,Q3,af,tz,Tanzania,"[""light source in kitchen""]","[""table lamp""]","[""light"", ""lamp"", ""bulb"", ""lantern"", ""candle""]"
5d4bde4dcf0b3a0f3f335e25,673,5d4bde4dcf0b3a0f3f335e25.jpg,assets/5d4bde4dcf0b3a0f3f335e25/5d4bde4dcf0b3a0f3f335e25.jpg,846,light source,898.0,Q3,am,us,United States,"[""light source in kitchen""]","[""table lamp""]","[""light"", ""lamp"", ""bulb"", ""lantern"", ""candle""]"
5d4be657cf0b3a0f3f3437e9,768,5d4be657cf0b3a0f3f3437e9.JPG,assets/5d4be657cf0b3a0f3f3437e9/5d4be657cf0b3a0f3f3437e9.JPG,846,light source,1350.0,Q3,as,cn,China,"[""light sources""]","[""table lamp""]","[""light"", ""lamp"", ""bulb"", ""lantern"", ""candle""]"
5ec4f834f0611d7ddd740cc3,179,5ec4f834f0611d7ddd740cc3.JPG,assets/5ec4f834f0611d7ddd740cc3/5ec4f834f0611d7ddd740cc3.JPG,846,light source,3478.0,Q4,am,us,United States,"[""lightsources by bed"", ""reading light""]","[""table lamp""]","[""light"", ""lamp"", ""bulb"", ""lantern"", ""candle""]"
5d4be118cf0b3a0f3f33a717,767,5d4be118cf0b3a0f3f33a717.jpeg,assets/5d4be118cf0b3a0f3f33a717/5d4be118cf0b3a0f3f33a717.jpeg,846,light source,3477.0,Q4,as,in,India,"[""lightsources by bed"", ""reading light"", ""light sources""]","[""table lamp""]","[""light"", ""lamp"", ""bulb"", ""lantern"", ""candle""]"
5ec4f91cf0611d7ddd74148c,373,5ec4f91cf0611d7ddd74148c.jpg,assets/5ec4f91cf0611d7ddd74148c/5ec4f91cf0611d7ddd74148c.jpg,846,light source,4256.0,Q4,eu,es,Spain,"[""lightsources by bed"", ""reading light""]","[""table lamp""]","[""light"", ""lamp"", ""bulb"", ""lantern"", ""candle""]"
5d4be53dcf0b3a0f3f341904,1568,5d4be53dcf0b3a0f3f341904.JPG,assets/5d4be53dcf0b3a0f3f341904/5d4be53dcf0b3a0f3f341904.JPG,846,light source,2001.0,Q4,am,us,United States,"[""light source in kitchen""]","[""table lamp""]","[""light"", ""lamp"", ""bulb"", ""lantern"", ""candle""]"
5d4bf2a9cf0b3a0f3f358a8e,1305,5d4bf2a9cf0b3a0f3f358a8e.jpg,assets/5d4bf2a9cf0b3a0f3f358a8e/5d4bf2a9cf0b3a0f3f358a8e.jpg,846,light source,3704.327276,Q4,as,cn,China,"[""light source in livingroom""]","[""table lamp""]","[""light"", ""lamp"", ""bulb"", ""lantern"", ""candle""]"
5ec4f90ef0611d7ddd741415,1381,5ec4f90ef0611d7ddd741415.jpg,assets/5ec4f90ef0611d7ddd741415/5ec4f90ef0611d7ddd741415.jpg,846,light source,3195.0,Q4,eu,es,Spain,"[""lightsources by bed"", ""reading light""]","[""table lamp""]","[""light"", ""lamp"", ""bulb"", ""lantern"", ""candle""]"
5d4bebfdcf0b3a0f3f34d421,93,5d4bebfdcf0b3a0f3f34d421.jpg,assets/5d4bebfdcf0b3a0f3f34d421/5d4bebfdcf0b3a0f3f34d421.jpg,846,light source,4650.0,Q4,am,us,United States,"[""light source in kitchen""]","[""table lamp""]","[""light"", ""lamp"", ""bulb"", ""lantern"", ""candle""]"
5d4befc5cf0b3a0f3f353ce2,1556,5d4befc5cf0b3a0f3f353ce2.jpg,assets/5d4befc5cf0b3a0f3f353ce2/5d4befc5cf0b3a0f3f353ce2.jpg,827,stove,50.18041676,Q1,af,mw,Malawi,"[""stove/hob""]","[""stove""]","[""stove"", ""oven"", ""cooker"", ""cooktop"", ""hob""]"
5d4bf150cf0b3a0f3f356534,238,5d4bf150cf0b3a0f3f356534.jpg,assets/5d4bf150cf0b3a0f3f356534/5d4bf150cf0b3a0f3f356534.jpg,827,stove,209.7449238,Q1,as,id,Indonesia,"[""stove/hob""]","[""stove""]","[""stove"", ""oven"", ""cooker"", ""cooktop"", ""hob""]"
5d4bed75cf0b3a0f3f34fa6a,1322,5d4bed75cf0b3a0f3f34fa6a.jpg,assets/5d4bed75cf0b3a0f3f34fa6a/5d4bed75cf0b3a0f3f34fa6a.jpg,827,stove,113.5375491,Q1,af,tn,Tunisia,"[""stove/hob""]","[""stove""]","[""stove"", ""oven"", ""cooker"", ""cooktop"", ""hob""]"
5d4be7b3cf0b3a0f3f345ec4,1268,5d4be7b3cf0b3a0f3f345ec4.jpg,assets/5d4be7b3cf0b3a0f3f345ec4/5d4be7b3cf0b3a0f3f345ec4.jpg,827,stove,72.10457258,Q1,as,bd,Bangladesh,"[""stove/hob""]","[""stove""]","[""stove"", ""oven"", ""cooker"", ""cooktop"", ""hob""]"
5d4bee22cf0b3a0f3f350e6a,62,5d4bee22cf0b3a0f3f350e6a.jpg,assets/5d4bee22cf0b3a0f3f350e6a/5d4bee22cf0b3a0f3f350e6a.jpg,827,stove,53.35597015,Q1,af,rw,Rwanda,"[""stove/hob""]","[""stove""]","[""stove"", ""oven"", ""cooker"", ""cooktop"", ""hob""]"
5d4bef59cf0b3a0f3f353156,1197,5d4bef59cf0b3a0f3f353156.jpg,assets/5d4bef59cf0b3a0f3f353156/5d4bef59cf0b3a0f3f353156.jpg,827,stove,131.5512222,Q1,as,np,Nepal,"[""stove/hob""]","[""stove""]","[""stove"", ""oven"", ""cooker"", ""cooktop"", ""hob""]"
5d4beff5cf0b3a0f3f354210,1195,5d4beff5cf0b3a0f3f354210.jpg,assets/5d4beff5cf0b3a0f3f354210/5d4beff5cf0b3a0f3f354210.jpg,827,stove,51.88264617,Q1,af,mw,Malawi,"[""stove/hob""]","[""stove""]","[""stove"", ""oven"", ""cooker"", ""cooktop"", ""hob""]"
5ec4fa30f0611d7ddd741dbe,112,5ec4fa30f0611d7ddd741dbe.JPG,assets/5ec4fa30f0611d7ddd741dbe/5ec4fa30f0611d7ddd741dbe.JPG,827,stove,623.0,Q2,af,et,Ethiopia,"[""stove/hob""]","[""stove""]","[""stove"", ""oven"", ""cooker"", ""cooktop"", ""hob""]"
5ec4fa7bf0611d7ddd74200b,381,5ec4fa7bf0611d7ddd74200b.jpg,assets/5ec4fa7bf0611d7ddd74200b/5ec4fa7bf0611d7ddd74200b.jpg,827,stove,311.0,Q2,am,br,Brazil,"[""oven""]","[""stove""]","[""stove"", ""oven"", ""cooker"", ""cooktop"", ""hob""]"
5d4bf2b2cf0b3a0f3f358bb0,927,5d4bf2b2cf0b3a0f3f358bb0.jpg,assets/5d4bf2b2cf0b3a0f3f358bb0/5d4bf2b2cf0b3a0f3f358bb0.jpg,827,stove,240.0,Q2,as,cn,China,"[""stove/hob""]","[""stove""]","[""stove"", ""oven"", ""cooker"", ""cooktop"", ""hob""]"
5d4be176cf0b3a0f3f33b207,1171,5d4be176cf0b3a0f3f33b207.jpg,assets/5d4be176cf0b3a0f3f33b207/5d4be176cf0b3a0f3f33b207.jpg,827,stove,456.0,Q2,am,br,Brazil,"[""stove/hob""]","[""stove""]","[""stove"", ""oven"", ""cooker"", ""cooktop"", ""hob""]"
5d4be76ecf0b3a0f3f3456e8,207,5d4be76ecf0b3a0f3f3456e8.jpg,assets/5d4be76ecf0b3a0f3f3456e8/5d4be76ecf0b3a0f3f3456e8.jpg,827,stove,308.0,Q2,as,id,Indonesia,"[""stove/hob""]","[""stove""]","[""stove"", ""oven"", ""cooker"", ""cooktop"", ""hob""]"
5d4be15bcf0b3a0f3f33aee7,475,5d4be15bcf0b3a0f3f33aee7.JPG,assets/5d4be15bcf0b3a0f3f33aee7/5d4be15bcf0b3a0f3f33aee7.JPG,827,stove,368.0,Q2,am,br,Brazil,"[""stove/hob""]","[""stove""]","[""stove"", ""oven"", ""cooker"", ""cooktop"", ""hob""]"
5d4bed05cf0b3a0f3f34edce,157,5d4bed05cf0b3a0f3f34edce.jpg,assets/5d4bed05cf0b3a0f3f34edce/5d4bed05cf0b3a0f3f34edce.jpg,827,stove,265.5253567,Q2,as,vn,Vietnam,"[""stove/hob""]","[""stove""]","[""stove"", ""oven"", ""cooker"", ""cooktop"", ""hob""]"
5d4be672cf0b3a0f3f343b13,548,5d4be672cf0b3a0f3f343b13.jpg,assets/5d4be672cf0b3a0f3f343b13/5d4be672cf0b3a0f3f343b13.jpg,827,stove,1050.70879,Q3,af,tz,Tanzania,"[""stove/hob"", ""oven""]","[""stove""]","[""stove"", ""oven"", ""cooker"", ""cooktop"", ""hob""]"
5ec4fb73f0611d7ddd742836,264,5ec4fb73f0611d7ddd742836.jpg,assets/5ec4fb73f0611d7ddd742836/5ec4fb73f0611d7ddd742836.jpg,827,stove,1392.0,Q3,am,co,Colombia,"[""oven""]","[""stove""]","[""stove"", ""oven"", ""cooker"", ""cooktop"", ""hob""]"
5d4bef4dcf0b3a0f3f352fe2,420,5d4bef4dcf0b3a0f3f352fe2.jpg,assets/5d4bef4dcf0b3a0f3f352fe2/5d4bef4dcf0b3a0f3f352fe2.jpg,827,stove,1747.0,Q3,as,np,Nepal,"[""stove/hob""]","[""stove""]","[""stove"", ""oven"", ""cooker"", ""cooktop"", ""hob""]"
5d4be22ecf0b3a0f3f33c475,1345,5d4be22ecf0b3a0f3f33c475.JPG,assets/5d4be22ecf0b3a0f3f33c475/5d4be22ecf0b3a0f3f33c475.JPG,827,stove,1610.0,Q3,af,eg,Egypt,"[""stove/hob""]","[""stove""]","[""stove"", ""oven"", ""cooker"", ""cooktop"", ""hob""]"
5d4bde4dcf0b3a0f3f335e21,727,5d4bde4dcf0b3a0f3f335e21.jpg,assets/5d4bde4dcf0b3a0f3f335e21/5d4bde4dcf0b3a0f3f335e21.jpg,827,stove,898.0,Q3,am,us,United States,"[""stove/hob""]","[""stove""]","[""stove"", ""oven"", ""cooker"", ""cooktop"", ""hob""]"
5d4be0fecf0b3a0f3f33a415,959,5d4be0fecf0b3a0f3f33a415.jpeg,assets/5d4be0fecf0b3a0f3f33a415/5d4be0fecf0b3a0f3f33a415.jpeg,827,stove,1295.0,Q3,as,in,India,"[""stove/hob""]","[""stove""]","[""stove"", ""oven"", ""cooker"", ""cooktop"", ""hob""]"
5ec4fb02f0611d7ddd742487,993,5ec4fb02f0611d7ddd742487.jpg,assets/5ec4fb02f0611d7ddd742487/5ec4fb02f0611d7ddd742487.jpg,827,stove,1482.0,Q3,am,co,Colombia,"[""stove/hob""]","[""stove""]","[""stove"", ""oven"", ""cooker"", ""cooktop"", ""hob""]"
5d4befa8cf0b3a0f3f353974,1116,5d4befa8cf0b3a0f3f353974.jpg,assets/5d4befa8cf0b3a0f3f353974/5d4befa8cf0b3a0f3f353974.jpg,827,stove,6342.0,Q4,am,mx,Mexico,"[""oven""]","[""stove""]","[""stove"", ""oven"", ""cooker"", ""cooktop"", ""hob""]"
5d4be106cf0b3a0f3f33a4fb,1583,5d4be106cf0b3a0f3f33a4fb.JPG,assets/5d4be106cf0b3a0f3f33a4fb/5d4be106cf0b3a0f3f33a4fb.JPG,827,stove,3611.0,Q4,as,in,India,"[""stove/hob""]","[""stove""]","[""stove"", ""oven"", ""cooker"", ""cooktop"", ""hob""]"
5ec4f5caf4a4fb7dc0387a0c,1594,5ec4f5caf4a4fb7dc0387a0c.jpg,assets/5ec4f5caf4a4fb7dc0387a0c/5ec4f5caf4a4fb7dc0387a0c.jpg,827,stove,2642.0,Q4,eu,ru,Russia,"[""oven""]","[""stove""]","[""stove"", ""oven"", ""cooker"", ""cooktop"", ""hob""]"
5d4be048cf0b3a0f3f338f18,847,5d4be048cf0b3a0f3f338f18.jpg,assets/5d4be048cf0b3a0f3f338f18/5d4be048cf0b3a0f3f338f18.jpg,827,stove,4559.0,Q4,am,us,United States,"[""stove/hob""]","[""stove""]","[""stove"", ""oven"", ""cooker"", ""cooktop"", ""hob""]"
5ec4f948f0611d7ddd741601,871,5ec4f948f0611d7ddd741601.JPG,assets/5ec4f948f0611d7ddd741601/5ec4f948f0611d7ddd741601.JPG,827,stove,5795.0,Q4,as,in,India,"[""stove/hob""]","[""stove""]","[""stove"", ""oven"", ""cooker"", ""cooktop"", ""hob""]"
5d4be0ddcf0b3a0f3f33a03d,1020,5d4be0ddcf0b3a0f3f33a03d.JPG,assets/5d4be0ddcf0b3a0f3f33a03d/5d4be0ddcf0b3a0f3f33a03d.JPG,827,stove,2370.0,Q4,eu,nl,Netherlands,"[""stove/hob""]","[""stove""]","[""stove"", ""oven"", ""cooker"", ""cooktop"", ""hob""]"
5d4be1bbcf0b3a0f3f33b8c9,1376,5d4be1bbcf0b3a0f3f33b8c9.jpg,assets/5d4be1bbcf0b3a0f3f33b8c9/5d4be1bbcf0b3a0f3f33b8c9.jpg,827,stove,3356.0,Q4,am,br,Brazil,"[""oven""]","[""stove""]","[""stove"", ""oven"", ""cooker"", ""cooktop"", ""hob""]"
5d4beee5cf0b3a0f3f3523d2,1076,5d4beee5cf0b3a0f3f3523d2.jpg,assets/5d4beee5cf0b3a0f3f3523d2/5d4beee5cf0b3a0f3f3523d2.jpg,412,trash container,67.67970667,Q1,af,ng,Nigeria,"[""trash/waste""]","[""trash can""]","[""trash can"", ""garbage can"", ""garbage bin"", ""waste bin"", ""dustbin"", ""dumpster""]"
5d4bf27dcf0b3a0f3f358554,491,5d4bf27dcf0b3a0f3f358554.jpg,assets/5d4bf27dcf0b3a0f3f358554/5d4bf27dcf0b3a0f3f358554.jpg,412,trash container,144.688254,Q1,am,co,Colombia,"[""waste dumps"", ""trash/waste""]","[""trash can""]","[""trash can"", ""garbage can"", ""garbage bin"", ""waste bin"", ""dustbin"", ""dumpster""]"
5d4beeb5cf0b3a0f3f351e3c,747,5d4beeb5cf0b3a0f3f351e3c.jpg,assets/5d4beeb5cf0b3a0f3f351e3c/5d4beeb5cf0b3a0f3f351e3c.jpg,412,trash container,195.4533587,Q1,as,ph,Philippines,"[""trash/waste""]","[""trash can""]","[""trash can"", ""garbage can"", ""garbage bin"", ""waste bin"", ""dustbin"", ""dumpster""]"
5d4bf349cf0b3a0f3f359cee,652,5d4bf349cf0b3a0f3f359cee.jpg,assets/5d4bf349cf0b3a0f3f359cee/5d4bf349cf0b3a0f3f359cee.jpg,412,trash container,40.19755831,Q1,af,bi,Burundi,"[""trash/waste""]","[""trash can""]","[""trash can"", ""garbage can"", ""garbage bin"", ""waste bin"", ""dustbin"", ""dumpster""]"
5d4be7b6cf0b3a0f3f345f1c,1409,5d4be7b6cf0b3a0f3f345f1c.jpg,assets/5d4be7b6cf0b3a0f3f345f1c/5d4be7b6cf0b3a0f3f345f1c.jpg,412,trash container,65.20651387,Q1,as,bd,Bangladesh,"[""trash/waste""]","[""trash can""]","[""trash can"", ""garbage can"", ""garbage bin"", ""waste bin"", ""dustbin"", ""dumpster""]"
5d4be1c8cf0b3a0f3f33b9cf,1283,5d4be1c8cf0b3a0f3f33b9cf.JPG,assets/5d4be1c8cf0b3a0f3f33b9cf/5d4be1c8cf0b3a0f3f33b9cf.JPG,412,trash container,82.0,Q1,af,ke,Kenya,"[""trash/waste""]","[""trash can""]","[""trash can"", ""garbage can"", ""garbage bin"", ""waste bin"", ""dustbin"", ""dumpster""]"
5d4be7afcf0b3a0f3f345e48,1206,5d4be7afcf0b3a0f3f345e48.jpg,assets/5d4be7afcf0b3a0f3f345e48/5d4be7afcf0b3a0f3f345e48.jpg,412,trash container,72.10457258,Q1,as,bd,Bangladesh,"[""trash/waste""]","[""trash can""]","[""trash can"", ""garbage can"", ""garbage bin"", ""waste bin"", ""dustbin"", ""dumpster""]"
5d4bdf69cf0b3a0f3f337997,439,5d4bdf69cf0b3a0f3f337997.jpg,assets/5d4bdf69cf0b3a0f3f337997/5d4bdf69cf0b3a0f3f337997.jpg,412,trash container,228.0,Q2,af,tz,Tanzania,"[""waste dumps""]","[""trash can""]","[""trash can"", ""garbage can"", ""garbage bin"", ""waste bin"", ""dustbin"", ""dumpster""]"
5ec4fb83f0611d7ddd7428c0,1581,5ec4fb83f0611d7ddd7428c0.jpg,assets/5ec4fb83f0611d7ddd7428c0/5ec4fb83f0611d7ddd7428c0.jpg,412,trash container,261.0,Q2,am,co,Colombia,"[""waste dumps""]","[""trash can""]","[""trash can"", ""garbage can"", ""garbage bin"", ""waste bin"", ""dustbin"", ""dumpster""]"
5d4becffcf0b3a0f3f34ed6c,752,5d4becffcf0b3a0f3f34ed6c.jpg,assets/5d4becffcf0b3a0f3f34ed6c/5d4becffcf0b3a0f3f34ed6c.jpg,412,trash container,265.5253567,Q2,as,vn,Vietnam,"[""trash/waste""]","[""trash can""]","[""trash can"", ""garbage can"", ""garbage bin"", ""waste bin"", ""dustbin"", ""dumpster""]"
5d4bee51cf0b3a0f3f3512b8,494,5d4bee51cf0b3a0f3f3512b8.jpg,assets/5d4bee51cf0b3a0f3f3512b8/5d4bee51cf0b3a0f3f3512b8.jpg,412,trash container,460.0,Q2,af,rw,Rwanda,"[""trash/waste""]","[""trash can""]","[""trash can"", ""garbage can"", ""garbage bin"", ""waste bin"", ""dustbin"", ""dumpster""]"
5d4bf3e7cf0b3a0f3f35abe2,98,5d4bf3e7cf0b3a0f3f35abe2.jpg,assets/5d4bf3e7cf0b3a0f3f35abe2/5d4bf3e7cf0b3a0f3f35abe2.jpg,412,trash container,264.9009279,Q2,am,bo,Bolivia,"[""trash/waste""]","[""trash can""]","[""trash can"", ""garbage can"", ""garbage bin"", ""waste bin"", ""dustbin"", ""dumpster""]"
5d4be76ecf0b3a0f3f3456d4,1060,5d4be76ecf0b3a0f3f3456d4.jpg,assets/5d4be76ecf0b3a0f3f3456d4/5d4be76ecf0b3a0f3f3456d4.jpg,412,trash container,308.0,Q2,as,id,Indonesia,"[""trash/waste""]","[""trash can""]","[""trash can"", ""garbage can"", ""garbage bin"", ""waste bin"", ""dustbin"", ""dumpster""]"
5d4bf191cf0b3a0f3f356bb4,304,5d4bf191cf0b3a0f3f356bb4.jpg,assets/5d4bf191cf0b3a0f3f356bb4/5d4bf191cf0b3a0f3f356bb4.jpg,412,trash container,245.2917235,Q2,as,in,India,"[""trash/waste""]","[""trash can""]","[""trash can"", ""garbage can"", ""garbage bin"", ""waste bin"", ""dustbin"", ""dumpster""]"
5ec4f9e1f0611d7ddd741b27,1037,5ec4f9e1f0611d7ddd741b27.JPG,assets/5ec4f9e1f0611d7ddd741b27/5ec4f9e1f0611d7ddd741b27.JPG,412,trash container,719.0,Q3,af,et,Ethiopia,"[""waste dumps""]","[""trash can""]","[""trash can"", ""garbage can"", ""garbage bin"", ""waste bin"", ""dustbin"", ""dumpster""]"
5d4bef87cf0b3a0f3f3536b6,668,5d4bef87cf0b3a0f3f3536b6.jpg,assets/5d4bef87cf0b3a0f3f3536b6/5d4bef87cf0b3a0f3f3536b6.jpg,412,trash container,1080.0,Q3,am,mx,Mexico,"[""trash/waste""]","[""trash can""]","[""trash can"", ""garbage can"", ""garbage bin"", ""waste bin"", ""dustbin"", ""dumpster""]"
5d4bdfefcf0b3a0f3f33871e,720,5d4bdfefcf0b3a0f3f33871e.jpg,assets/5d4bdfefcf0b3a0f3f33871e/5d4bdfefcf0b3a0f3f33871e.jpg,412,trash container,1308.0,Q3,as,pk,Pakistan,"[""trash/waste""]","[""trash can""]","[""trash can"", ""garbage can"", ""garbage bin"", ""waste bin"", ""dustbin"", ""dumpster""]"
5d4bdf79cf0b3a0f3f337b57,415,5d4bdf79cf0b3a0f3f337b57.jpg,assets/5d4bdf79cf0b3a0f3f337b57/5d4bdf79cf0b3a0f3f337b57.jpg,412,trash container,1193.0,Q3,eu,rs,Serbia,"[""trash/waste""]","[""trash can""]","[""trash can"", ""garbage can"", ""garbage bin"", ""waste bin"", ""dustbin"", ""dumpster""]"
5d4bf40ecf0b3a0f3f35afd2,1544,5d4bf40ecf0b3a0f3f35afd2.jpg,assets/5d4bf40ecf0b3a0f3f35afd2/5d4bf40ecf0b3a0f3f35afd2.jpg,412,trash container,780.9956673,Q3,as,cn,China,"[""trash/waste""]","[""trash can""]","[""trash can"", ""garbage can"", ""garbage bin"", ""waste bin"", ""dustbin"", ""dumpster""]"
5d4be956cf0b3a0f3f3486e4,815,5d4be956cf0b3a0f3f3486e4.jpg,assets/5d4be956cf0b3a0f3f3486e4/5d4be956cf0b3a0f3f3486e4.jpg,412,trash container,694.0,Q3,eu,ua,Ukraine,"[""trash/waste""]","[""trash can""]","[""trash can"", ""garbage can"", ""garbage bin"", ""waste bin"", ""dustbin"", ""dumpster""]"
5d4bf18bcf0b3a0f3f356b06,729,5d4bf18bcf0b3a0f3f356b06.jpg,assets/5d4bf18bcf0b3a0f3f356b06/5d4bf18bcf0b3a0f3f356b06.jpg,412,trash container,724.0,Q3,as,in,India,"[""trash/waste""]","[""trash can""]","[""trash can"", ""garbage can"", ""garbage bin"", ""waste bin"", ""dustbin"", ""dumpster""]"
5ec4fa3cf0611d7ddd741e2c,1290,5ec4fa3cf0611d7ddd741e2c.JPG,assets/5ec4fa3cf0611d7ddd741e2c/5ec4fa3cf0611d7ddd741e2c.JPG,412,trash container,6316.0,Q4,af,et,Ethiopia,"[""trash/waste""]","[""trash can""]","[""trash can"", ""garbage can"", ""garbage bin"", ""waste bin"", ""dustbin"", ""dumpster""]"
5ec4f845f0611d7ddd740d5c,41,5ec4f845f0611d7ddd740d5c.JPG,assets/5ec4f845f0611d7ddd740d5c/5ec4f845f0611d7ddd740d5c.JPG,412,trash container,5125.0,Q4,am,us,United States,"[""trash/waste""]","[""trash can""]","[""trash can"", ""garbage can"", ""garbage bin"", ""waste bin"", ""dustbin"", ""dumpster""]"
5d4be134cf0b3a0f3f33aa59,738,5d4be134cf0b3a0f3f33aa59.jpg,assets/5d4be134cf0b3a0f3f33aa59/5d4be134cf0b3a0f3f33aa59.jpg,412,trash container,4621.0,Q4,as,in,India,"[""trash/waste""]","[""trash can""]","[""trash can"", ""garbage can"", ""garbage bin"", ""waste bin"", ""dustbin"", ""dumpster""]"
5d4be8dccf0b3a0f3f3478b6,1075,5d4be8dccf0b3a0f3f3478b6.jpg,assets/5d4be8dccf0b3a0f3f3478b6/5d4be8dccf0b3a0f3f3478b6.jpg,412,trash container,3363.3971,Q4,eu,ua,Ukraine,"[""trash/waste""]","[""trash can""]","[""trash can"", ""garbage can"", ""garbage bin"", ""waste bin"", ""dustbin"", ""dumpster""]"
5d4befa5cf0b3a0f3f353924,1001,5d4befa5cf0b3a0f3f353924.jpg,assets/5d4befa5cf0b3a0f3f353924/5d4befa5cf0b3a0f3f353924.jpg,412,trash container,6342.0,Q4,am,mx,Mexico,"[""trash/waste""]","[""trash can""]","[""trash can"", ""garbage can"", ""garbage bin"", ""waste bin"", ""dustbin"", ""dumpster""]"
5d4be0becf0b3a0f3f339caf,63,5d4be0becf0b3a0f3f339caf.jpg,assets/5d4be0becf0b3a0f3f339caf/5d4be0becf0b3a0f3f339caf.jpg,412,trash container,2340.0,Q4,as,in,India,"[""trash/waste""]","[""trash can""]","[""trash can"", ""garbage can"", ""garbage bin"", ""waste bin"", ""dustbin"", ""dumpster""]"
5ec4f5c4f4a4fb7dc03879d4,124,5ec4f5c4f4a4fb7dc03879d4.jpg,assets/5ec4f5c4f4a4fb7dc03879d4/5ec4f5c4f4a4fb7dc03879d4.jpg,412,trash container,2642.0,Q4,eu,ru,Russia,"[""trash/waste""]","[""trash can""]","[""trash can"", ""garbage can"", ""garbage bin"", ""waste bin"", ""dustbin"", ""dumpster""]"
5d4bed80cf0b3a0f3f34fbb2,684,5d4bed80cf0b3a0f3f34fbb2.jpg,assets/5d4bed80cf0b3a0f3f34fbb2/5d4bed80cf0b3a0f3f34fbb2.jpg,844,switch,116.4314704,Q1,af,tn,Tunisia,"[""switch on/off""]","[""switch""]","[""switch"", ""light switch"", ""power switch""]"
5d4bf260cf0b3a0f3f3582cc,163,5d4bf260cf0b3a0f3f3582cc.jpg,assets/5d4bf260cf0b3a0f3f3582cc/5d4bf260cf0b3a0f3f3582cc.jpg,844,switch,144.688254,Q1,am,co,Colombia,"[""switch on/off""]","[""switch""]","[""switch"", ""light switch"", ""power switch""]"
5d4beab2cf0b3a0f3f34aea4,957,5d4beab2cf0b3a0f3f34aea4.jpg,assets/5d4beab2cf0b3a0f3f34aea4/5d4beab2cf0b3a0f3f34aea4.jpg,844,switch,170.0,Q1,as,in,India,"[""switch on/off""]","[""switch""]","[""switch"", ""light switch"", ""power switch""]"
5d4bec7acf0b3a0f3f34dfca,162,5d4bec7acf0b3a0f3f34dfca.jpg,assets/5d4bec7acf0b3a0f3f34dfca/5d4bec7acf0b3a0f3f34dfca.jpg,844,switch,124.9655714,Q1,as,bd,Bangladesh,"[""switch on/off""]","[""switch""]","[""switch"", ""light switch"", ""power switch""]"
5d4bf151cf0b3a0f3f356556,394,5d4bf151cf0b3a0f3f356556.jpg,assets/5d4bf151cf0b3a0f3f356556/5d4bf151cf0b3a0f3f356556.jpg,844,switch,209.7449238,Q1,as,id,Indonesia,"[""switch on/off""]","[""switch""]","[""switch"", ""light switch"", ""power switch""]"
5d4beecccf0b3a0f3f3520d2,648,5d4beecccf0b3a0f3f3520d2.jpg,assets/5d4beecccf0b3a0f3f3520d2/5d4beecccf0b3a0f3f3520d2.jpg,844,switch,193.8785291,Q1,as,ph,Philippines,"[""switch on/off""]","[""switch""]","[""switch"", ""light switch"", ""power switch""]"
5ec4f81af0611d7ddd740be2,160,5ec4f81af0611d7ddd740be2.jpg,assets/5ec4f81af0611d7ddd740be2/5ec4f81af0611d7ddd740be2.jpg,844,switch,172.0,Q1,as,np,Nepal,"[""switch on/off""]","[""switch""]","[""switch"", ""light switch"", ""power switch""]"
5ec4f989f0611d7ddd74182b,20,5ec4f989f0611d7ddd74182b.jpg,assets/5ec4f989f0611d7ddd74182b/5ec4f989f0611d7ddd74182b.jpg,844,switch,391.0,Q2,af,cm,Cameroon,"[""switch on/off""]","[""switch""]","[""switch"", ""light switch"", ""power switch""]"
5ec4fb68f0611d7ddd7427d4,88,5ec4fb68f0611d7ddd7427d4.jpg,assets/5ec4fb68f0611d7ddd7427d4/5ec4fb68f0611d7ddd7427d4.jpg,844,switch,409.0,Q2,am,co,Colombia,"[""switch on/off""]","[""switch""]","[""switch"", ""light switch"", ""power switch""]"
5d4bf185cf0b3a0f3f356a5e,414,5d4bf185cf0b3a0f3f356a5e.jpg,assets/5d4bf185cf0b3a0f3f356a5e/5d4bf185cf0b3a0f3f356a5e.jpg,844,switch,465.5026805,Q2,as,in,India,"[""switch on/off""]","[""switch""]","[""switch"", ""light switch"", ""power switch""]"
5d4be3ffcf0b3a0f3f33f4fa,713,5d4be3ffcf0b3a0f3f33f4fa.jpg,assets/5d4be3ffcf0b3a0f3f33f4fa/5d4be3ffcf0b3a0f3f33f4fa.jpg,844,switch,227.0,Q2,af,cm,Cameroon,"[""wall inside"", ""switch on/off""]","[""switch""]","[""switch"", ""light switch"", ""power switch""]"
5d4bdf17cf0b3a0f3f337195,1257,5d4bdf17cf0b3a0f3f337195.JPG,assets/5d4bdf17cf0b3a0f3f337195/5d4bdf17cf0b3a0f3f337195.JPG,844,switch,234.0,Q2,as,id,Indonesia,"[""switch on/off""]","[""switch""]","[""switch"", ""light switch"", ""power switch""]"
5d4bf168cf0b3a0f3f356784,1349,5d4bf168cf0b3a0f3f356784.jpg,assets/5d4bf168cf0b3a0f3f356784/5d4bf168cf0b3a0f3f356784.jpg,844,switch,399.0,Q2,as,id,Indonesia,"[""switch on/off""]","[""switch""]","[""switch"", ""light switch"", ""power switch""]"
5f8c634fe894f07b8477dfbe,664,5f8c634fe894f07b8477dfbe.jpg,assets/5f8c634fe894f07b8477dfbe/3de7cc9f890fad373645cdfc337c4486/5f8c634fe894f07b8477dfbe.jpg,844,switch,304.0,Q2,as,pk,Pakistan,"[""visit"", ""switch on/off""]","[""switch""]","[""switch"", ""light switch"", ""power switch""]"
5d4bef89cf0b3a0f3f3536f2,906,5d4bef89cf0b3a0f3f3536f2.jpg,assets/5d4bef89cf0b3a0f3f3536f2/5d4bef89cf0b3a0f3f3536f2.jpg,844,switch,1080.0,Q3,am,mx,Mexico,"[""switch on/off""]","[""switch""]","[""switch"", ""light switch"", ""power switch""]"
5d4bf28fcf0b3a0f3f358788,1429,5d4bf28fcf0b3a0f3f358788.jpg,assets/5d4bf28fcf0b3a0f3f358788/5d4bf28fcf0b3a0f3f358788.jpg,844,switch,694.218371,Q3,as,cn,China,"[""switch on/off""]","[""switch""]","[""switch"", ""light switch"", ""power switch""]"
5d4be02ecf0b3a0f3f338c56,1586,5d4be02ecf0b3a0f3f338c56.JPG,assets/5d4be02ecf0b3a0f3f338c56/5d4be02ecf0b3a0f3f338c56.JPG,844,switch,1260.0,Q3,eu,nl,Netherlands,"[""switch on/off""]","[""switch""]","[""switch"", ""light switch"", ""power switch""]"
5fa325b3a4fd6154365dfcd4,211,5fa325b3a4fd6154365dfcd4.jpeg,assets/5fa325b3a4fd6154365dfcd4/1f1e11cbaeec3b215b66be8f7201db63/5fa325b3a4fd6154365dfcd4.jpeg,844,switch,1025.0,Q3,am,co,Colombia,"[""visit"", ""switch on/off""]","[""switch""]","[""switch"", ""light switch"", ""power switch""]"
5d4be2ffcf0b3a0f3f33d901,1479,5d4be2ffcf0b3a0f3f33d901.jpg,assets/5d4be2ffcf0b3a0f3f33d901/5d4be2ffcf0b3a0f3f33d901.jpg,844,switch,1125.0,Q3,as,in,India,"[""switch on/off""]","[""switch""]","[""switch"", ""light switch"", ""power switch""]"
5d4be034cf0b3a0f3f338d08,1068,5d4be034cf0b3a0f3f338d08.JPG,assets/5d4be034cf0b3a0f3f338d08/5d4be034cf0b3a0f3f338d08.JPG,844,switch,1816.0,Q3,eu,nl,Netherlands,"[""switch on/off""]","[""switch""]","[""switch"", ""light switch"", ""power switch""]"
5ec4f86df0611d7ddd740eb5,303,5ec4f86df0611d7ddd740eb5.jpg,assets/5ec4f86df0611d7ddd740eb5/5ec4f86df0611d7ddd740eb5.jpg,844,switch,1706.0,Q3,as,ir,Iran,"[""switch on/off""]","[""switch""]","[""switch"", ""light switch"", ""power switch""]"
5d4be014cf0b3a0f3f338aa4,1540,5d4be014cf0b3a0f3f338aa4.JPG,assets/5d4be014cf0b3a0f3f338aa4/5d4be014cf0b3a0f3f338aa4.JPG,844,switch,3750.0,Q4,af,ng,Nigeria,"[""switch on/off""]","[""switch""]","[""switch"", ""light switch"", ""power switch""]"
5ec4f831f0611d7ddd740cab,1024,5ec4f831f0611d7ddd740cab.JPG,assets/5ec4f831f0611d7ddd740cab/5ec4f831f0611d7ddd740cab.JPG,844,switch,3478.0,Q4,am,us,United States,"[""switch on/off""]","[""switch""]","[""switch"", ""light switch"", ""power switch""]"
5d4be977cf0b3a0f3f348ac0,883,5d4be977cf0b3a0f3f348ac0.jpg,assets/5d4be977cf0b3a0f3f348ac0/5d4be977cf0b3a0f3f348ac0.jpg,844,switch,7433.155246,Q4,as,jo,Jordan,"[""switch on/off""]","[""switch""]","[""switch"", ""light switch"", ""power switch""]"
5ec4fa5ff0611d7ddd741f24,603,5ec4fa5ff0611d7ddd741f24.jpg,assets/5ec4fa5ff0611d7ddd741f24/5ec4fa5ff0611d7ddd741f24.jpg,844,switch,2900.0,Q4,eu,cz,Czech Republic,"[""switch on/off""]","[""switch""]","[""switch"", ""light switch"", ""power switch""]"
5ec4f60af4a4fb7dc0387c46,660,5ec4f60af4a4fb7dc0387c46.JPG,assets/5ec4f60af4a4fb7dc0387c46/5ec4f60af4a4fb7dc0387c46.JPG,844,switch,6030.0,Q4,am,co,Colombia,"[""switch on/off""]","[""switch""]","[""switch"", ""light switch"", ""power switch""]"
5d4bef60cf0b3a0f3f353222,1251,5d4bef60cf0b3a0f3f353222.jpg,assets/5d4bef60cf0b3a0f3f353222/5d4bef60cf0b3a0f3f353222.jpg,844,switch,3829.191091,Q4,as,np,Nepal,"[""switch on/off""]","[""switch""]","[""switch"", ""light switch"", ""power switch""]"
5ec4f919f0611d7ddd741478,1140,5ec4f919f0611d7ddd741478.jpg,assets/5ec4f919f0611d7ddd741478/5ec4f919f0611d7ddd741478.jpg,844,switch,4256.0,Q4,eu,es,Spain,"[""switch on/off""]","[""switch""]","[""switch"", ""light switch"", ""power switch""]"
5d4bf08acf0b3a0f3f355178,362,5d4bf08acf0b3a0f3f355178.jpg,assets/5d4bf08acf0b3a0f3f355178/5d4bf08acf0b3a0f3f355178.jpg,770,footwear,60.75268981,Q1,af,ci,Cote d'Ivoire,"[""everyday shoes""]","[""running shoe""]","[""shoe"", ""shoes"", ""sandal"", ""sandals"", ""slipper"", ""slippers"", ""sneaker"", ""sneakers"", ""boot"", ""boots"", ""footwear""]"
5d4bf24dcf0b3a0f3f3580a2,1108,5d4bf24dcf0b3a0f3f3580a2.jpg,assets/5d4bf24dcf0b3a0f3f3580a2/5d4bf24dcf0b3a0f3f3580a2.jpg,770,footwear,143.0,Q1,am,co,Colombia,"[""everyday shoes""]","[""running shoe""]","[""shoe"", ""shoes"", ""sandal"", ""sandals"", ""slipper"", ""slippers"", ""sneaker"", ""sneakers"", ""boot"", ""boots"", ""footwear""]"
5d4be78acf0b3a0f3f345a14,1333,5d4be78acf0b3a0f3f345a14.jpg,assets/5d4be78acf0b3a0f3f345a14/5d4be78acf0b3a0f3f345a14.jpg,770,footwear,131.3989924,Q1,as,id,Indonesia,"[""everyday shoes""]","[""running shoe""]","[""shoe"", ""shoes"", ""sandal"", ""sandals"", ""slipper"", ""slippers"", ""sneaker"", ""sneakers"", ""boot"", ""boots"", ""footwear""]"
5d4becb3cf0b3a0f3f34e59a,538,5d4becb3cf0b3a0f3f34e59a.jpg,assets/5d4becb3cf0b3a0f3f34e59a/5d4becb3cf0b3a0f3f34e59a.jpg,770,footwear,73.16914591,Q1,af,zw,Zimbabwe,"[""everyday shoes""]","[""running shoe""]","[""shoe"", ""shoes"", ""sandal"", ""sandals"", ""slipper"", ""slippers"", ""sneaker"", ""sneakers"", ""boot"", ""boots"", ""footwear""]"
5d4bf2c2cf0b3a0f3f358d9c,402,5d4bf2c2cf0b3a0f3f358d9c.jpg,assets/5d4bf2c2cf0b3a0f3f358d9c/5d4bf2c2cf0b3a0f3f358d9c.jpg,770,footwear,195.0,Q1,as,kh,Cambodia,"[""everyday shoes""]","[""running shoe""]","[""shoe"", ""shoes"", ""sandal"", ""sandals"", ""slipper"", ""slippers"", ""sneaker"", ""sneakers"", ""boot"", ""boots"", ""footwear""]"
5d4beee9cf0b3a0f3f352444,546,5d4beee9cf0b3a0f3f352444.jpg,assets/5d4beee9cf0b3a0f3f352444/5d4beee9cf0b3a0f3f352444.jpg,770,footwear,67.67970667,Q1,af,ng,Nigeria,"[""everyday shoes""]","[""running shoe""]","[""shoe"", ""shoes"", ""sandal"", ""sandals"", ""slipper"", ""slippers"", ""sneaker"", ""sneakers"", ""boot"", ""boots"", ""footwear""]"
5d4beebecf0b3a0f3f351f34,1293,5d4beebecf0b3a0f3f351f34.jpg,assets/5d4beebecf0b3a0f3f351f34/5d4beebecf0b3a0f3f351f34.jpg,770,footwear,97.63936288,Q1,as,ph,Philippines,"[""everyday shoes""]","[""running shoe""]","[""shoe"", ""shoes"", ""sandal"", ""sandals"", ""slipper"", ""slippers"", ""sneaker"", ""sneakers"", ""boot"", ""boots"", ""footwear""]"
5d4bdf26cf0b3a0f3f337341,258,5d4bdf26cf0b3a0f3f337341.JPG,assets/5d4bdf26cf0b3a0f3f337341/5d4bdf26cf0b3a0f3f337341.JPG,770,footwear,670.0,Q2,af,tg,Togo,"[""everyday shoes""]","[""running shoe""]","[""shoe"", ""shoes"", ""sandal"", ""sandals"", ""slipper"", ""slippers"", ""sneaker"", ""sneakers"", ""boot"", ""boots"", ""footwear""]"
5ec4fb80f0611d7ddd7428aa,208,5ec4fb80f0611d7ddd7428aa.jpg,assets/5ec4fb80f0611d7ddd7428aa/5ec4fb80f0611d7ddd7428aa.jpg,770,footwear,261.0,Q2,am,co,Colombia,"[""everyday shoes""]","[""running shoe""]","[""shoe"", ""shoes"", ""sandal"", ""sandals"", ""slipper"", ""slippers"", ""sneaker"", ""sneakers"", ""boot"", ""boots"", ""footwear""]"
5d4bf2d6cf0b3a0f3f358fea,7,5d4bf2d6cf0b3a0f3f358fea.jpg,assets/5d4bf2d6cf0b3a0f3f358fea/5d4bf2d6cf0b3a0f3f358fea.jpg,770,footwear,463.1308192,Q2,as,kh,Cambodia,"[""everyday shoes""]","[""running shoe""]","[""shoe"", ""shoes"", ""sandal"", ""sandals"", ""slipper"", ""slippers"", ""sneaker"", ""sneakers"", ""boot"", ""boots"", ""footwear""]"
5d4bee44cf0b3a0f3f351150,1051,5d4bee44cf0b3a0f3f351150.jpg,assets/5d4bee44cf0b3a0f3f351150/5d4bee44cf0b3a0f3f351150.jpg,770,footwear,250.7905551,Q2,af,rw,Rwanda,"[""everyday shoes""]","[""running shoe""]","[""shoe"", ""shoes"", ""sandal"", ""sandals"", ""slipper"", ""slippers"", ""sneaker"", ""sneakers"", ""boot"", ""boots"", ""footwear""]"
5ec4fb67f0611d7ddd7427d0,839,5ec4fb67f0611d7ddd7427d0.jpg,assets/5ec4fb67f0611d7ddd7427d0/5ec4fb67f0611d7ddd7427d0.jpg,770,footwear,409.0,Q2,am,co,Colombia,"[""everyday shoes""]","[""running shoe""]","[""shoe"", ""shoes"", ""sandal"", ""sandals"", ""slipper"", ""slippers"", ""sneaker"", ""sneakers"", ""boot"", ""boots"", ""footwear""]"
5d4bed15cf0b3a0f3f34ef8a,1365,5d4bed15cf0b3a0f3f34ef8a.jpg,assets/5d4bed15cf0b3a0f3f34ef8a/5d4bed15cf0b3a0f3f34ef8a.jpg,770,footwear,245.9813854,Q2,as,vn,Vietnam,"[""everyday shoes""]","[""running shoe""]","[""shoe"", ""shoes"", ""sandal"", ""sandals"", ""slipper"", ""slippers"", ""sneaker"", ""sneakers"", ""boot"", ""boots"", ""footwear""]"
5ec4fad3f0611d7ddd7422fa,554,5ec4fad3f0611d7ddd7422fa.jpg,assets/5ec4fad3f0611d7ddd7422fa/5ec4fad3f0611d7ddd7422fa.jpg,770,footwear,375.0,Q2,af,gh,Ghana,"[""everyday shoes""]","[""running shoe""]","[""shoe"", ""shoes"", ""sandal"", ""sandals"", ""slipper"", ""slippers"", ""sneaker"", ""sneakers"", ""boot"", ""boots"", ""footwear""]"
5d4be672cf0b3a0f3f343b09,1593,5d4be672cf0b3a0f3f343b09.jpg,assets/5d4be672cf0b3a0f3f343b09/5d4be672cf0b3a0f3f343b09.jpg,770,footwear,1050.70879,Q3,af,tz,Tanzania,"[""everyday shoes""]","[""running shoe""]","[""shoe"", ""shoes"", ""sandal"", ""sandals"", ""slipper"", ""slippers"", ""sneaker"", ""sneakers"", ""boot"", ""boots"", ""footwear""]"
5d4be09ccf0b3a0f3f3398bb,1509,5d4be09ccf0b3a0f3f3398bb.JPG,assets/5d4be09ccf0b3a0f3f3398bb/5d4be09ccf0b3a0f3f3398bb.JPG,770,footwear,1034.0,Q3,am,br,Brazil,"[""everyday shoes""]","[""running shoe""]","[""shoe"", ""shoes"", ""sandal"", ""sandals"", ""slipper"", ""slippers"", ""sneaker"", ""sneakers"", ""boot"", ""boots"", ""footwear""]"
5edfe79012a022abbc87ea5a,1270,5edfe79012a022abbc87ea5a.jpg,assets/5edfe79012a022abbc87ea5a/5edfe79012a022abbc87ea5a.jpg,770,footwear,1091.0,Q3,as,np,Nepal,"[""visit"", ""everyday shoes""]","[""running shoe""]","[""shoe"", ""shoes"", ""sandal"", ""sandals"", ""slipper"", ""slippers"", ""sneaker"", ""sneakers"", ""boot"", ""boots"", ""footwear""]"
5d4be092cf0b3a0f3f3397a5,552,5d4be092cf0b3a0f3f3397a5.JPG,assets/5d4be092cf0b3a0f3f3397a5/5d4be092cf0b3a0f3f3397a5.JPG,770,footwear,1728.0,Q3,eu,nl,Netherlands,"[""everyday shoes""]","[""running shoe""]","[""shoe"", ""shoes"", ""sandal"", ""sandals"", ""slipper"", ""slippers"", ""sneaker"", ""sneakers"", ""boot"", ""boots"", ""footwear""]"
5ec4fb75f0611d7ddd74284a,331,5ec4fb75f0611d7ddd74284a.jpg,assets/5ec4fb75f0611d7ddd74284a/5ec4fb75f0611d7ddd74284a.jpg,770,footwear,1394.0,Q3,am,co,Colombia,"[""everyday shoes""]","[""running shoe""]","[""shoe"", ""shoes"", ""sandal"", ""sandals"", ""slipper"", ""slippers"", ""sneaker"", ""sneakers"", ""boot"", ""boots"", ""footwear""]"
5d4bf296cf0b3a0f3f35885a,1147,5d4bf296cf0b3a0f3f35885a.jpg,assets/5d4bf296cf0b3a0f3f35885a/5d4bf296cf0b3a0f3f35885a.jpg,770,footwear,730.281663,Q3,as,cn,China,"[""everyday shoes""]","[""running shoe""]","[""shoe"", ""shoes"", ""sandal"", ""sandals"", ""slipper"", ""slippers"", ""sneaker"", ""sneakers"", ""boot"", ""boots"", ""footwear""]"
5d4bef4dcf0b3a0f3f352ff2,886,5d4bef4dcf0b3a0f3f352ff2.jpg,assets/5d4bef4dcf0b3a0f3f352ff2/5d4bef4dcf0b3a0f3f352ff2.jpg,770,footwear,1747.0,Q3,as,np,Nepal,"[""everyday shoes""]","[""running shoe""]","[""shoe"", ""shoes"", ""sandal"", ""sandals"", ""slipper"", ""slippers"", ""sneaker"", ""sneakers"", ""boot"", ""boots"", ""footwear""]"
5d4bdfc3cf0b3a0f3f33824f,1238,5d4bdfc3cf0b3a0f3f33824f.jpg,assets/5d4bdfc3cf0b3a0f3f33824f/5d4bdfc3cf0b3a0f3f33824f.jpg,770,footwear,2044.0,Q4,am,co,Colombia,"[""everyday shoes""]","[""running shoe""]","[""shoe"", ""shoes"", ""sandal"", ""sandals"", ""slipper"", ""slippers"", ""sneaker"", ""sneakers"", ""boot"", ""boots"", ""footwear""]"
5d4be6b3cf0b3a0f3f344270,1416,5d4be6b3cf0b3a0f3f344270.JPG,assets/5d4be6b3cf0b3a0f3f344270/5d4be6b3cf0b3a0f3f344270.JPG,770,footwear,2235.172785,Q4,as,cn,China,"[""everyday shoes""]","[""running shoe""]","[""shoe"", ""shoes"", ""sandal"", ""sandals"", ""slipper"", ""slippers"", ""sneaker"", ""sneakers"", ""boot"", ""boots"", ""footwear""]"
5d4bdf81cf0b3a0f3f337c37,963,5d4bdf81cf0b3a0f3f337c37.jpg,assets/5d4bdf81cf0b3a0f3f337c37/5d4bdf81cf0b3a0f3f337c37.jpg,770,footwear,2379.0,Q4,eu,ro,Romania,"[""everyday shoes""]","[""running shoe""]","[""shoe"", ""shoes"", ""sandal"", ""sandals"", ""slipper"", ""slippers"", ""sneaker"", ""sneakers"", ""boot"", ""boots"", ""footwear""]"
5d4bef5fcf0b3a0f3f353214,96,5d4bef5fcf0b3a0f3f353214.jpg,assets/5d4bef5fcf0b3a0f3f353214/5d4bef5fcf0b3a0f3f353214.jpg,770,footwear,3829.191091,Q4,as,np,Nepal,"[""everyday shoes""]","[""running shoe""]","[""shoe"", ""shoes"", ""sandal"", ""sandals"", ""slipper"", ""slippers"", ""sneaker"", ""sneakers"", ""boot"", ""boots"", ""footwear""]"
5d4bdf9ecf0b3a0f3f337f0b,707,5d4bdf9ecf0b3a0f3f337f0b.JPG,assets/5d4bdf9ecf0b3a0f3f337f0b/5d4bdf9ecf0b3a0f3f337f0b.JPG,770,footwear,2602.0,Q4,eu,ch,Switzerland,"[""everyday shoes"", ""nicest shoes""]","[""running shoe""]","[""shoe"", ""shoes"", ""sandal"", ""sandals"", ""slipper"", ""slippers"", ""sneaker"", ""sneakers"", ""boot"", ""boots"", ""footwear""]"
5d4be0e9cf0b3a0f3f33a1a1,1309,5d4be0e9cf0b3a0f3f33a1a1.jpg,assets/5d4be0e9cf0b3a0f3f33a1a1/5d4be0e9cf0b3a0f3f33a1a1.jpg,770,footwear,4732.0,Q4,as,in,India,"[""everyday shoes""]","[""running shoe""]","[""shoe"", ""shoes"", ""sandal"", ""sandals"", ""slipper"", ""slippers"", ""sneaker"", ""sneakers"", ""boot"", ""boots"", ""footwear""]"
5d4be0dccf0b3a0f3f33a033,245,5d4be0dccf0b3a0f3f33a033.JPG,assets/5d4be0dccf0b3a0f3f33a033/5d4be0dccf0b3a0f3f33a033.JPG,770,footwear,2370.0,Q4,eu,nl,Netherlands,"[""everyday shoes""]","[""running shoe""]","[""shoe"", ""shoes"", ""sandal"", ""sandals"", ""slipper"", ""slippers"", ""sneaker"", ""sneakers"", ""boot"", ""boots"", ""footwear""]"
