image_id,image_name,study_label,income_quartile,model,raw_output,metric_value,manual_object_correct,caption_quality,error_type,review_notes
5d4bde4dcf0b3a0f3f335e21,5d4bde4dcf0b3a0f3f335e21.jpg,stove,Q3,blip_baseline,a pot of water is on the stove,True,yes,accurate,none,accepted-term match confirmed in caption context
5d4bde4dcf0b3a0f3f335e21,5d4bde4dcf0b3a0f3f335e21.jpg,stove,Q3,blip_prompted,the main household object in this image is a pot on the stove,True,yes,accurate,none,accepted-term match confirmed in caption context
5d4bdefccf0b3a0f3f336ec5,5d4bdefccf0b3a0f3f336ec5.jpg,roof,Q2,blip_baseline,a roof with a roof venter,True,yes,accurate,none,accepted-term match confirmed in caption context
5d4bdefccf0b3a0f3f336ec5,5d4bdefccf0b3a0f3f336ec5.jpg,roof,Q2,blip_prompted,the main household object in this image is a roof,True,yes,accurate,none,accepted-term match confirmed in caption context
5d4bdf17cf0b3a0f3f337195,5d4bdf17cf0b3a0f3f337195.JPG,switch,Q2,blip_baseline,a broken light switch on a wall,True,yes,accurate,none,accepted-term match confirmed in caption context
5d4bdf17cf0b3a0f3f337195,5d4bdf17cf0b3a0f3f337195.JPG,switch,Q2,blip_prompted,the main household object in this image is a broken light switch,True,yes,accurate,none,accepted-term match confirmed in caption context
5d4bdf69cf0b3a0f3f337997,5d4bdf69cf0b3a0f3f337997.jpg,trash container,Q2,blip_baseline,a white basket with a bunch of beer bottles,False,yes,accurate,accepted_synonym_missing,basket used as a container
5d4bdf69cf0b3a0f3f337997,5d4bdf69cf0b3a0f3f337997.jpg,trash container,Q2,blip_prompted,the main household object in this image is a basket of beer bottles,False,yes,accurate,accepted_synonym_missing,basket used as a container
5d4bdf81cf0b3a0f3f337c37,5d4bdf81cf0b3a0f3f337c37.jpg,footwear,Q4,blip_baseline,a pair of shoes on a rug,True,yes,accurate,none,accepted-term match confirmed in caption context
5d4bdf81cf0b3a0f3f337c37,5d4bdf81cf0b3a0f3f337c37.jpg,footwear,Q4,blip_prompted,the main household object in this image is a pair of shoes,True,yes,accurate,none,accepted-term match confirmed in caption context
5d4bdfa0cf0b3a0f3f337f53,5d4bdfa0cf0b3a0f3f337f53.jpg,light source,Q2,blip_baseline,a person is standing in a room with a light,True,yes,accurate,none,accepted-term match confirmed in caption context
5d4bdfa0cf0b3a0f3f337f53,5d4bdfa0cf0b3a0f3f337f53.jpg,light source,Q2,blip_prompted,the main household object in this image is a lamp,True,yes,accurate,none,accepted-term match confirmed in caption context
5d4bdfc3cf0b3a0f3f33824f,5d4bdfc3cf0b3a0f3f33824f.jpg,footwear,Q4,blip_baseline,a person wearing blue shoes and jeans,True,yes,accurate,none,accepted-term match confirmed in caption context
5d4bdfc3cf0b3a0f3f33824f,5d4bdfc3cf0b3a0f3f33824f.jpg,footwear,Q4,blip_prompted,the main household object in this image is a pair of shoes,True,yes,accurate,none,accepted-term match confirmed in caption context
5d4be014cf0b3a0f3f338aa4,5d4be014cf0b3a0f3f338aa4.JPG,switch,Q4,blip_baseline,a white light switch and a white wall,True,yes,accurate,none,accepted-term match confirmed in caption context
5d4be014cf0b3a0f3f338aa4,5d4be014cf0b3a0f3f338aa4.JPG,switch,Q4,blip_prompted,the main household object in this image is a switch,True,yes,accurate,none,accepted-term match confirmed in caption context
5d4be02fcf0b3a0f3f338c7c,5d4be02fcf0b3a0f3f338c7c.JPG,roof,Q3,blip_baseline,a white wall with a light on it,False,no,inaccurate,wrong_object,caption does not identify the study object
5d4be02fcf0b3a0f3f338c7c,5d4be02fcf0b3a0f3f338c7c.JPG,roof,Q3,blip_prompted,the main household object in this image is a white wall,False,no,inaccurate,wrong_object,caption does not identify the study object
5d4be03ccf0b3a0f3f338dde,5d4be03ccf0b3a0f3f338dde.JPG,light source,Q3,blip_baseline,a chandel with three lights on a ceiling,False,yes,accurate,accepted_synonym_missing,chandelier misspelled as chandel
5d4be03ccf0b3a0f3f338dde,5d4be03ccf0b3a0f3f338dde.JPG,light source,Q3,blip_prompted,the main household object in this image is a chandel,False,yes,accurate,accepted_synonym_missing,chandelier misspelled as chandel
5d4be092cf0b3a0f3f3397a5,5d4be092cf0b3a0f3f3397a5.JPG,footwear,Q3,blip_baseline,a pair of white sneakers on a wooden floor,True,yes,accurate,none,accepted-term match confirmed in caption context
5d4be092cf0b3a0f3f3397a5,5d4be092cf0b3a0f3f3397a5.JPG,footwear,Q3,blip_prompted,the main household object in this image is a pair of adidas ' s shoes,True,yes,accurate,none,accepted-term match confirmed in caption context
5d4be09ccf0b3a0f3f3398bb,5d4be09ccf0b3a0f3f3398bb.JPG,footwear,Q3,blip_baseline,a pair of black flip flops on a towel,False,yes,accurate,accepted_synonym_missing,flip-flops
5d4be09ccf0b3a0f3f3398bb,5d4be09ccf0b3a0f3f3398bb.JPG,footwear,Q3,blip_prompted,the main household object in this image is a pair of flip flops,False,yes,accurate,accepted_synonym_missing,flip-flops
5d4be0b0cf0b3a0f3f339b0b,5d4be0b0cf0b3a0f3f339b0b.jpg,light source,Q3,blip_baseline,a room with a refrigerator and a sink,False,no,inaccurate,wrong_object,caption does not identify the study object
5d4be0b0cf0b3a0f3f339b0b,5d4be0b0cf0b3a0f3f339b0b.jpg,light source,Q3,blip_prompted,the main household object in this image is a refrigerator,False,no,inaccurate,wrong_object,caption does not identify the study object
5d4be0dccf0b3a0f3f33a033,5d4be0dccf0b3a0f3f33a033.JPG,footwear,Q4,blip_baseline,a man standing on a kitchen floor next to a pair of shoes,True,yes,accurate,none,accepted-term match confirmed in caption context
5d4be0dccf0b3a0f3f33a033,5d4be0dccf0b3a0f3f33a033.JPG,footwear,Q4,blip_prompted,the main household object in this image is a pair of shoes,True,yes,accurate,none,accepted-term match confirmed in caption context
5d4be0e9cf0b3a0f3f33a1a1,5d4be0e9cf0b3a0f3f33a1a1.jpg,footwear,Q4,blip_baseline,a group of shoes sitting on the floor,True,yes,accurate,none,accepted-term match confirmed in caption context
5d4be0e9cf0b3a0f3f33a1a1,5d4be0e9cf0b3a0f3f33a1a1.jpg,footwear,Q4,blip_prompted,the main household object in this image is the sandals,True,yes,accurate,none,accepted-term match confirmed in caption context
5d4be103cf0b3a0f3f33a4af,5d4be103cf0b3a0f3f33a4af.jpg,roof,Q3,blip_baseline,a ceiling with a clock on it,True,yes,accurate,none,accepted-term match confirmed in caption context
5d4be103cf0b3a0f3f33a4af,5d4be103cf0b3a0f3f33a4af.jpg,roof,Q3,blip_prompted,the main household object in this image is a dont,False,no,inaccurate,wrong_object,caption does not identify the study object
5d4be118cf0b3a0f3f33a717,5d4be118cf0b3a0f3f33a717.jpeg,light source,Q4,blip_baseline,a black light on a table,True,yes,accurate,none,accepted-term match confirmed in caption context
5d4be118cf0b3a0f3f33a717,5d4be118cf0b3a0f3f33a717.jpeg,light source,Q4,blip_prompted,the main household object in this image is a lantern,True,yes,accurate,none,accepted-term match confirmed in caption context
5d4be136cf0b3a0f3f33aa95,5d4be136cf0b3a0f3f33aa95.jpg,roof,Q4,blip_baseline,a ceiling fan and a ceiling fan in a room,True,yes,accurate,none,accepted-term match confirmed in caption context
5d4be136cf0b3a0f3f33aa95,5d4be136cf0b3a0f3f33aa95.jpg,roof,Q4,blip_prompted,the main household object in this image is a ceiling fan,True,yes,accurate,none,accepted-term match confirmed in caption context
5d4be176cf0b3a0f3f33b207,5d4be176cf0b3a0f3f33b207.jpg,stove,Q2,blip_baseline,a stove with a pot on top of it,True,yes,accurate,none,accepted-term match confirmed in caption context
5d4be176cf0b3a0f3f33b207,5d4be176cf0b3a0f3f33b207.jpg,stove,Q2,blip_prompted,the main household object in this image is a stove,True,yes,accurate,none,accepted-term match confirmed in caption context
5d4be1bbcf0b3a0f3f33b8c9,5d4be1bbcf0b3a0f3f33b8c9.jpg,stove,Q4,blip_baseline,a woman is standing in front of a stove,True,yes,accurate,none,accepted-term match confirmed in caption context
5d4be1bbcf0b3a0f3f33b8c9,5d4be1bbcf0b3a0f3f33b8c9.jpg,stove,Q4,blip_prompted,the main household object in this image is a stove,True,yes,accurate,none,accepted-term match confirmed in caption context
5d4be1cbcf0b3a0f3f33ba21,5d4be1cbcf0b3a0f3f33ba21.JPG,light source,Q1,blip_baseline,a small red can sitting on a ledge,False,no,inaccurate,wrong_object,caption does not identify the study object
5d4be1cbcf0b3a0f3f33ba21,5d4be1cbcf0b3a0f3f33ba21.JPG,light source,Q1,blip_prompted,the main household object in this image is a can of coke,False,no,inaccurate,wrong_object,caption does not identify the study object
5d4be2ffcf0b3a0f3f33d901,5d4be2ffcf0b3a0f3f33d901.jpg,switch,Q3,blip_baseline,a white light switch,True,yes,accurate,none,accepted-term match confirmed in caption context
5d4be2ffcf0b3a0f3f33d901,5d4be2ffcf0b3a0f3f33d901.jpg,switch,Q3,blip_prompted,the main household object in this image is a switch box,True,yes,accurate,none,accepted-term match confirmed in caption context
5d4be3ffcf0b3a0f3f33f500,5d4be3ffcf0b3a0f3f33f500.jpg,roof,Q2,blip_baseline,a room with a ceiling that has been stripped off,True,yes,accurate,none,accepted-term match confirmed in caption context
5d4be3ffcf0b3a0f3f33f500,5d4be3ffcf0b3a0f3f33f500.jpg,roof,Q2,blip_prompted,the main household object in this image is a ceiling,True,yes,accurate,none,accepted-term match confirmed in caption context
5d4be417cf0b3a0f3f33f7d4,5d4be417cf0b3a0f3f33f7d4.JPG,roof,Q4,blip_baseline,a ceiling with a light on it,True,yes,accurate,none,accepted-term match confirmed in caption context
5d4be417cf0b3a0f3f33f7d4,5d4be417cf0b3a0f3f33f7d4.JPG,roof,Q4,blip_prompted,the main household object in this image is a ceiling light,True,yes,accurate,none,accepted-term match confirmed in caption context
5d4be53dcf0b3a0f3f341904,5d4be53dcf0b3a0f3f341904.JPG,light source,Q4,blip_baseline,a kitchen with a white ceiling and a window,False,no,inaccurate,wrong_object,caption does not identify the study object
5d4be53dcf0b3a0f3f341904,5d4be53dcf0b3a0f3f341904.JPG,light source,Q4,blip_prompted,the main household object in this image is a ceiling,False,no,inaccurate,wrong_object,caption does not identify the study object
5d4be631cf0b3a0f3f343397,5d4be631cf0b3a0f3f343397.JPG,light source,Q2,blip_baseline,a light that is on a wall,True,yes,accurate,none,accepted-term match confirmed in caption context
5d4be631cf0b3a0f3f343397,5d4be631cf0b3a0f3f343397.JPG,light source,Q2,blip_prompted,the main household object in this image is a light bulb,True,yes,accurate,none,accepted-term match confirmed in caption context
5d4be664cf0b3a0f3f343977,5d4be664cf0b3a0f3f343977.JPG,light source,Q1,blip_baseline,a close up of a white plastic pipe,False,no,inaccurate,wrong_object,caption does not identify the study object
5d4be664cf0b3a0f3f343977,5d4be664cf0b3a0f3f343977.JPG,light source,Q1,blip_prompted,the main household object in this image is a white plastic pipe,False,no,inaccurate,wrong_object,caption does not identify the study object
5d4be672cf0b3a0f3f343b13,5d4be672cf0b3a0f3f343b13.jpg,stove,Q3,blip_baseline,a woman is standing in front of a microwave,False,no,inaccurate,wrong_object,caption does not identify the study object
5d4be672cf0b3a0f3f343b13,5d4be672cf0b3a0f3f343b13.jpg,stove,Q3,blip_prompted,the main household object in this image is a microwave,False,no,inaccurate,wrong_object,caption does not identify the study object
5d4be6b3cf0b3a0f3f344270,5d4be6b3cf0b3a0f3f344270.JPG,footwear,Q4,blip_baseline,a shelf with a bunch of shoes on it,True,yes,accurate,none,accepted-term match confirmed in caption context
5d4be6b3cf0b3a0f3f344270,5d4be6b3cf0b3a0f3f344270.JPG,footwear,Q4,blip_prompted,the main household object in this image is a shoe rack,True,yes,accurate,none,accepted-term match confirmed in caption context
5d4be76ecf0b3a0f3f3456d4,5d4be76ecf0b3a0f3f3456d4.jpg,trash container,Q2,blip_baseline,a bag of garbage sitting on the ground,False,yes,accurate,accepted_synonym_missing,garbage bag used as a container
5d4be76ecf0b3a0f3f3456d4,5d4be76ecf0b3a0f3f3456d4.jpg,trash container,Q2,blip_prompted,the main household object in this image is a bag of garbage,False,yes,accurate,accepted_synonym_missing,garbage bag used as a container
5d4be78acf0b3a0f3f345a14,5d4be78acf0b3a0f3f345a14.jpg,footwear,Q1,blip_baseline,a pair of red shoes on the ground,True,yes,accurate,none,accepted-term match confirmed in caption context
5d4be78acf0b3a0f3f345a14,5d4be78acf0b3a0f3f345a14.jpg,footwear,Q1,blip_prompted,the main household object in this image is a pair of red shoes,True,yes,accurate,none,accepted-term match confirmed in caption context
5d4be7afcf0b3a0f3f345e48,5d4be7afcf0b3a0f3f345e48.jpg,trash container,Q1,blip_baseline,a bucket is sitting on the ground,False,yes,accurate,accepted_synonym_missing,bucket used as a waste container
5d4be7afcf0b3a0f3f345e48,5d4be7afcf0b3a0f3f345e48.jpg,trash container,Q1,blip_prompted,the main household object in this image is a bucket,False,yes,accurate,accepted_synonym_missing,bucket used as a waste container
5d4be7b6cf0b3a0f3f345f1c,5d4be7b6cf0b3a0f3f345f1c.jpg,trash container,Q1,blip_baseline,a pile of trash on the ground,False,uncertain,ambiguous,label_or_scene_ambiguity,trash is visible but no clear container
5d4be7b6cf0b3a0f3f345f1c,5d4be7b6cf0b3a0f3f345f1c.jpg,trash container,Q1,blip_prompted,the main household object in this image is a pile of garbage,False,uncertain,ambiguous,label_or_scene_ambiguity,trash is visible but no clear container
5d4be956cf0b3a0f3f3486e4,5d4be956cf0b3a0f3f3486e4.jpg,trash container,Q3,blip_baseline,a pile of garbage on the side of a road,False,uncertain,ambiguous,label_or_scene_ambiguity,waste area and dumpsters share the scene
5d4be956cf0b3a0f3f3486e4,5d4be956cf0b3a0f3f3486e4.jpg,trash container,Q3,blip_prompted,the main household object in this image is a dump,False,uncertain,ambiguous,label_or_scene_ambiguity,waste area and dumpsters share the scene
5d4bea54cf0b3a0f3f34a3ac,5d4bea54cf0b3a0f3f34a3ac.jpg,roof,Q2,blip_baseline,a wall with a wooden beam in it,False,no,inaccurate,wrong_object,caption does not identify the study object
5d4bea54cf0b3a0f3f34a3ac,5d4bea54cf0b3a0f3f34a3ac.jpg,roof,Q2,blip_prompted,the main household object in this image is a wooden pole,False,no,inaccurate,wrong_object,caption does not identify the study object
5d4beab2cf0b3a0f3f34aea4,5d4beab2cf0b3a0f3f34aea4.jpg,switch,Q1,blip_baseline,a green electrical panel,False,yes,accurate,accepted_synonym_missing,electrical switch panel
5d4beab2cf0b3a0f3f34aea4,5d4beab2cf0b3a0f3f34aea4.jpg,switch,Q1,blip_prompted,the main household object in this image is a switch box,True,yes,accurate,none,accepted-term match confirmed in caption context
5d4bebdccf0b3a0f3f34d03d,5d4bebdccf0b3a0f3f34d03d.jpg,roof,Q4,blip_baseline,a roof with a window,True,yes,accurate,none,accepted-term match confirmed in caption context
5d4bebdccf0b3a0f3f34d03d,5d4bebdccf0b3a0f3f34d03d.jpg,roof,Q4,blip_prompted,the main household object in this image is a window,False,no,inaccurate,wrong_object,caption does not identify the study object
5d4bec7acf0b3a0f3f34dfca,5d4bec7acf0b3a0f3f34dfca.jpg,switch,Q1,blip_baseline,a white electrical outlet on a metal surface,False,no,inaccurate,wrong_object,caption does not identify the study object
5d4bec7acf0b3a0f3f34dfca,5d4bec7acf0b3a0f3f34dfca.jpg,switch,Q1,blip_prompted,the main household object in this image is a switch box,True,yes,accurate,none,accepted-term match confirmed in caption context
5d4becefcf0b3a0f3f34eb88,5d4becefcf0b3a0f3f34eb88.jpg,light source,Q1,blip_baseline,a plane flying through a cloudy sky,False,no,inaccurate,wrong_object,caption does not identify the study object
5d4becefcf0b3a0f3f34eb88,5d4becefcf0b3a0f3f34eb88.jpg,light source,Q1,blip_prompted,the main household object in this image is a plane flying through the clouds,False,no,inaccurate,wrong_object,caption does not identify the study object
5d4bed05cf0b3a0f3f34edce,5d4bed05cf0b3a0f3f34edce.jpg,stove,Q2,blip_baseline,a stove sitting on a table with a pot on it,True,yes,accurate,none,accepted-term match confirmed in caption context
5d4bed05cf0b3a0f3f34edce,5d4bed05cf0b3a0f3f34edce.jpg,stove,Q2,blip_prompted,the main household object in this image is a stove,True,yes,accurate,none,accepted-term match confirmed in caption context
5d4bed75cf0b3a0f3f34fa6a,5d4bed75cf0b3a0f3f34fa6a.jpg,stove,Q1,blip_baseline,a large metal jug sitting on top of a table,False,no,inaccurate,wrong_object,caption does not identify the study object
5d4bed75cf0b3a0f3f34fa6a,5d4bed75cf0b3a0f3f34fa6a.jpg,stove,Q1,blip_prompted,the main household object in this image is a gas can,False,no,inaccurate,wrong_object,caption does not identify the study object
5d4bee22cf0b3a0f3f350e6a,5d4bee22cf0b3a0f3f350e6a.jpg,stove,Q1,blip_baseline,a pile of trash on a dirt road,False,no,inaccurate,wrong_object,caption does not identify the study object
5d4bee22cf0b3a0f3f350e6a,5d4bee22cf0b3a0f3f350e6a.jpg,stove,Q1,blip_prompted,the main household object in this image is a broken oven,True,yes,accurate,none,accepted-term match confirmed in caption context
5d4bee51cf0b3a0f3f3512b8,5d4bee51cf0b3a0f3f3512b8.jpg,trash container,Q2,blip_baseline,a pile of dirt with a blue cloth on it,False,no,inaccurate,wrong_object,caption does not identify the study object
5d4bee51cf0b3a0f3f3512b8,5d4bee51cf0b3a0f3f3512b8.jpg,trash container,Q2,blip_prompted,the main household object in this image is a pile of dirt,False,no,inaccurate,wrong_object,caption does not identify the study object
5d4beebecf0b3a0f3f351f34,5d4beebecf0b3a0f3f351f34.jpg,footwear,Q1,blip_baseline,a pair of flip flops sitting on the ground,False,yes,accurate,accepted_synonym_missing,flip-flops
5d4beebecf0b3a0f3f351f34,5d4beebecf0b3a0f3f351f34.jpg,footwear,Q1,blip_prompted,the main household object in this image is a pair of flip flops,False,yes,accurate,accepted_synonym_missing,flip-flops
5d4beee5cf0b3a0f3f3523d2,5d4beee5cf0b3a0f3f3523d2.jpg,trash container,Q1,blip_baseline,a dirt road with trash and trash on it,False,uncertain,ambiguous,label_or_scene_ambiguity,open waste area rather than one container
5d4beee5cf0b3a0f3f3523d2,5d4beee5cf0b3a0f3f3523d2.jpg,trash container,Q1,blip_prompted,the main household object in this image is garbage,False,uncertain,ambiguous,label_or_scene_ambiguity,open waste area rather than one container
5d4bef4dcf0b3a0f3f352fe2,5d4bef4dcf0b3a0f3f352fe2.jpg,stove,Q3,blip_baseline,a black stove top,True,yes,accurate,none,accepted-term match confirmed in caption context
5d4bef4dcf0b3a0f3f352fe2,5d4bef4dcf0b3a0f3f352fe2.jpg,stove,Q3,blip_prompted,the main household object in this image is a gas stove,True,yes,accurate,none,accepted-term match confirmed in caption context
5d4bef59cf0b3a0f3f353156,5d4bef59cf0b3a0f3f353156.jpg,stove,Q1,blip_baseline,a frying pan on a stove in a kitchen,True,yes,accurate,none,accepted-term match confirmed in caption context
5d4bef59cf0b3a0f3f353156,5d4bef59cf0b3a0f3f353156.jpg,stove,Q1,blip_prompted,the main household object in this image is a frying pan,False,no,inaccurate,wrong_object,caption does not identify the study object
5d4bef5fcf0b3a0f3f353214,5d4bef5fcf0b3a0f3f353214.jpg,footwear,Q4,blip_baseline,a pair of black and green sandals,True,yes,accurate,none,accepted-term match confirmed in caption context
5d4bef5fcf0b3a0f3f353214,5d4bef5fcf0b3a0f3f353214.jpg,footwear,Q4,blip_prompted,the main household object in this image is a pair of black and green sandals,True,yes,accurate,none,accepted-term match confirmed in caption context
5d4bef87cf0b3a0f3f3536b6,5d4bef87cf0b3a0f3f3536b6.jpg,trash container,Q3,blip_baseline,a green trash can with a plastic container,True,yes,accurate,none,accepted-term match confirmed in caption context
5d4bef87cf0b3a0f3f3536b6,5d4bef87cf0b3a0f3f3536b6.jpg,trash container,Q3,blip_prompted,the main household object in this image is a plastic container with a plastic ball inside,False,yes,accurate,accepted_synonym_missing,plastic container
5d4befa5cf0b3a0f3f353924,5d4befa5cf0b3a0f3f353924.jpg,trash container,Q4,blip_baseline,a trash can be seen in the corner of a door,True,yes,accurate,none,accepted-term match confirmed in caption context
5d4befa5cf0b3a0f3f353924,5d4befa5cf0b3a0f3f353924.jpg,trash container,Q4,blip_prompted,the main household object in this image is a trash can,True,yes,accurate,none,accepted-term match confirmed in caption context
5d4befc5cf0b3a0f3f353ce2,5d4befc5cf0b3a0f3f353ce2.jpg,stove,Q1,blip_baseline,a person is using a knife to cut a piece of wood,False,no,inaccurate,wrong_object,caption does not identify the study object
5d4befc5cf0b3a0f3f353ce2,5d4befc5cf0b3a0f3f353ce2.jpg,stove,Q1,blip_prompted,"the main household object in this image is a knife, a knife, and a knife in the fore",False,no,inaccurate,wrong_object,caption does not identify the study object
5d4bf05ccf0b3a0f3f354caa,5d4bf05ccf0b3a0f3f354caa.jpg,roof,Q1,blip_baseline,a wooden ceiling with a metal pole and a string,True,yes,accurate,none,accepted-term match confirmed in caption context
5d4bf05ccf0b3a0f3f354caa,5d4bf05ccf0b3a0f3f354caa.jpg,roof,Q1,blip_prompted,the main household object in this image is a wooden ceiling,True,yes,accurate,none,accepted-term match confirmed in caption context
5d4bf0b4cf0b3a0f3f3555cc,5d4bf0b4cf0b3a0f3f3555cc.jpg,light source,Q1,blip_baseline,a red stove on the ground,False,no,inaccurate,wrong_object,caption does not identify the study object
5d4bf0b4cf0b3a0f3f3555cc,5d4bf0b4cf0b3a0f3f3555cc.jpg,light source,Q1,blip_prompted,the main household object in this image is a red gas stove,False,no,inaccurate,wrong_object,caption does not identify the study object
5d4bf131cf0b3a0f3f356206,5d4bf131cf0b3a0f3f356206.jpg,roof,Q2,blip_baseline,a roof with a broken tile on it,True,yes,accurate,none,accepted-term match confirmed in caption context
5d4bf131cf0b3a0f3f356206,5d4bf131cf0b3a0f3f356206.jpg,roof,Q2,blip_prompted,the main household object in this image is a roof,True,yes,accurate,none,accepted-term match confirmed in caption context
5d4bf151cf0b3a0f3f356556,5d4bf151cf0b3a0f3f356556.jpg,switch,Q1,blip_baseline,a white light switch on a brick wall,True,yes,accurate,none,accepted-term match confirmed in caption context
5d4bf151cf0b3a0f3f356556,5d4bf151cf0b3a0f3f356556.jpg,switch,Q1,blip_prompted,the main household object in this image is a light switch,True,yes,accurate,none,accepted-term match confirmed in caption context
5d4bf185cf0b3a0f3f356a5e,5d4bf185cf0b3a0f3f356a5e.jpg,switch,Q2,blip_baseline,a white wall,False,no,inaccurate,wrong_object,caption does not identify the study object
5d4bf185cf0b3a0f3f356a5e,5d4bf185cf0b3a0f3f356a5e.jpg,switch,Q2,blip_prompted,the main household object in this image is a switch box,True,yes,accurate,none,accepted-term match confirmed in caption context
5d4bf191cf0b3a0f3f356bb4,5d4bf191cf0b3a0f3f356bb4.jpg,trash container,Q2,blip_baseline,a dog standing on a dirt road next to a pile of garbage,False,uncertain,ambiguous,label_or_scene_ambiguity,garbage is mentioned but no clear container
5d4bf191cf0b3a0f3f356bb4,5d4bf191cf0b3a0f3f356bb4.jpg,trash container,Q2,blip_prompted,the main household object in this image is a dog,False,no,inaccurate,wrong_object,caption does not identify the study object
5d4bf260cf0b3a0f3f3582cc,5d4bf260cf0b3a0f3f3582cc.jpg,switch,Q1,blip_baseline,a bottle of beer is being held up,False,no,inaccurate,wrong_object,caption does not identify the study object
5d4bf260cf0b3a0f3f3582cc,5d4bf260cf0b3a0f3f3582cc.jpg,switch,Q1,blip_prompted,the main household object in this image is a bottle of water,False,no,inaccurate,wrong_object,caption does not identify the study object
5d4bf27dcf0b3a0f3f358554,5d4bf27dcf0b3a0f3f358554.jpg,trash container,Q1,blip_baseline,a pile of garbage in a wooden box,False,yes,accurate,accepted_synonym_missing,garbage in a wooden box
5d4bf27dcf0b3a0f3f358554,5d4bf27dcf0b3a0f3f358554.jpg,trash container,Q1,blip_prompted,the main household object in this image is a wooden box with a bunch of flowers inside,False,uncertain,ambiguous,label_or_scene_ambiguity,wooden box is visible but its waste function is unclear
5d4bf296cf0b3a0f3f35885a,5d4bf296cf0b3a0f3f35885a.jpg,footwear,Q3,blip_baseline,a rack of shoes,True,yes,accurate,none,accepted-term match confirmed in caption context
5d4bf296cf0b3a0f3f35885a,5d4bf296cf0b3a0f3f35885a.jpg,footwear,Q3,blip_prompted,the main household object in this image is a rack of shoes,True,yes,accurate,none,accepted-term match confirmed in caption context
5d4bf2b2cf0b3a0f3f358bb0,5d4bf2b2cf0b3a0f3f358bb0.jpg,stove,Q2,blip_baseline,a brick oven with a large pan on top,True,yes,accurate,none,accepted-term match confirmed in caption context
5d4bf2b2cf0b3a0f3f358bb0,5d4bf2b2cf0b3a0f3f358bb0.jpg,stove,Q2,blip_prompted,the main household object in this image is a large pan,False,no,inaccurate,wrong_object,caption does not identify the study object
5d4bf2d6cf0b3a0f3f358fea,5d4bf2d6cf0b3a0f3f358fea.jpg,footwear,Q2,blip_baseline,a pair of shoes laying on the ground,True,yes,accurate,none,accepted-term match confirmed in caption context
5d4bf2d6cf0b3a0f3f358fea,5d4bf2d6cf0b3a0f3f358fea.jpg,footwear,Q2,blip_prompted,the main household object in this image is a pair of shoes,True,yes,accurate,none,accepted-term match confirmed in caption context
5d4bf349cf0b3a0f3f359cee,5d4bf349cf0b3a0f3f359cee.jpg,trash container,Q1,blip_baseline,a small blue toy is in the dirt,False,no,inaccurate,wrong_object,caption does not identify the study object
5d4bf349cf0b3a0f3f359cee,5d4bf349cf0b3a0f3f359cee.jpg,trash container,Q1,blip_prompted,the main household object in this image is a blue plastic cup,False,uncertain,ambiguous,label_or_scene_ambiguity,small plastic cup or container
5d4bf3a8cf0b3a0f3f35a67c,5d4bf3a8cf0b3a0f3f35a67c.jpg,roof,Q1,blip_baseline,a close up of a table with a bunch of bamboo sticks,False,no,inaccurate,wrong_object,caption does not identify the study object
5d4bf3a8cf0b3a0f3f35a67c,5d4bf3a8cf0b3a0f3f35a67c.jpg,roof,Q1,blip_prompted,the main household object in this image is a large piece of wood,False,no,inaccurate,wrong_object,caption does not identify the study object
5d4bf40ecf0b3a0f3f35afd2,5d4bf40ecf0b3a0f3f35afd2.jpg,trash container,Q3,blip_baseline,a dirty toilet with a plastic bag on the floor,False,no,inaccurate,wrong_object,caption does not identify the study object
5d4bf40ecf0b3a0f3f35afd2,5d4bf40ecf0b3a0f3f35afd2.jpg,trash container,Q3,blip_prompted,the main household object in this image is a toilet,False,no,inaccurate,wrong_object,caption does not identify the study object
5ec4f5caf4a4fb7dc0387a0c,5ec4f5caf4a4fb7dc0387a0c.jpg,stove,Q4,blip_baseline,a black oven with a blue handle,True,yes,accurate,none,accepted-term match confirmed in caption context
5ec4f5caf4a4fb7dc0387a0c,5ec4f5caf4a4fb7dc0387a0c.jpg,stove,Q4,blip_prompted,the main household object in this image is a stove,True,yes,accurate,none,accepted-term match confirmed in caption context
5ec4f81af0611d7ddd740be2,5ec4f81af0611d7ddd740be2.jpg,switch,Q1,blip_baseline,a person is holding a white electrical device,False,uncertain,ambiguous,label_or_scene_ambiguity,correct electrical device but not specifically a switch
5ec4f81af0611d7ddd740be2,5ec4f81af0611d7ddd740be2.jpg,switch,Q1,blip_prompted,the main household object in this image is a white electrical device,False,uncertain,ambiguous,label_or_scene_ambiguity,correct electrical device but not specifically a switch
5ec4f834f0611d7ddd740cc3,5ec4f834f0611d7ddd740cc3.JPG,light source,Q4,blip_baseline,a lamp on a table next to a computer,True,yes,accurate,none,accepted-term match confirmed in caption context
5ec4f834f0611d7ddd740cc3,5ec4f834f0611d7ddd740cc3.JPG,light source,Q4,blip_prompted,the main household object in this image is a lamp,True,yes,accurate,none,accepted-term match confirmed in caption context
5ec4f86df0611d7ddd740eb2,5ec4f86df0611d7ddd740eb2.jpg,roof,Q3,blip_baseline,a roof with a broken roof and a broken roof,True,yes,accurate,none,accepted-term match confirmed in caption context
5ec4f86df0611d7ddd740eb2,5ec4f86df0611d7ddd740eb2.jpg,roof,Q3,blip_prompted,the main household object in this image is a roof,True,yes,accurate,none,accepted-term match confirmed in caption context
5ec4f90ef0611d7ddd741415,5ec4f90ef0611d7ddd741415.jpg,light source,Q4,blip_baseline,a lamp on a nightstand next to a bed,True,yes,accurate,none,accepted-term match confirmed in caption context
5ec4f90ef0611d7ddd741415,5ec4f90ef0611d7ddd741415.jpg,light source,Q4,blip_prompted,the main household object in this image is a lamp,True,yes,accurate,none,accepted-term match confirmed in caption context
5ec4f91cf0611d7ddd74148c,5ec4f91cf0611d7ddd74148c.jpg,light source,Q4,blip_baseline,a lamp on a table next to a cell,True,yes,accurate,none,accepted-term match confirmed in caption context
5ec4f91cf0611d7ddd74148c,5ec4f91cf0611d7ddd74148c.jpg,light source,Q4,blip_prompted,the main household object in this image is a lamp,True,yes,accurate,none,accepted-term match confirmed in caption context
5ec4f97ef0611d7ddd7417d1,5ec4f97ef0611d7ddd7417d1.jpg,roof,Q3,blip_baseline,a pink wall with a small hole in it,False,no,inaccurate,wrong_object,caption does not identify the study object
5ec4f97ef0611d7ddd7417d1,5ec4f97ef0611d7ddd7417d1.jpg,roof,Q3,blip_prompted,the main household object in this image is a door handle,False,no,inaccurate,wrong_object,caption does not identify the study object
5ec4f9e1f0611d7ddd741b27,5ec4f9e1f0611d7ddd741b27.JPG,trash container,Q3,blip_baseline,a bag of garbage sitting in front of a green wall,False,yes,accurate,accepted_synonym_missing,garbage bag or basket
5ec4f9e1f0611d7ddd741b27,5ec4f9e1f0611d7ddd741b27.JPG,trash container,Q3,blip_prompted,the main household object in this image is a basket,False,yes,accurate,accepted_synonym_missing,garbage bag or basket
5ec4f9f2f0611d7ddd741bae,5ec4f9f2f0611d7ddd741bae.JPG,roof,Q2,blip_baseline,a large tunnel with a long metal tube,False,no,inaccurate,wrong_object,caption does not identify the study object
5ec4f9f2f0611d7ddd741bae,5ec4f9f2f0611d7ddd741bae.JPG,roof,Q2,blip_prompted,the main household object in this image is a large tube,False,no,inaccurate,wrong_object,caption does not identify the study object
5ec4fa3cf0611d7ddd741e2c,5ec4fa3cf0611d7ddd741e2c.JPG,trash container,Q4,blip_baseline,a purple trash can sitting on a tiled floor,True,yes,accurate,none,accepted-term match confirmed in caption context
5ec4fa3cf0611d7ddd741e2c,5ec4fa3cf0611d7ddd741e2c.JPG,trash container,Q4,blip_prompted,the main household object in this image is a purple trash can,True,yes,accurate,none,accepted-term match confirmed in caption context
5ec4fa7bf0611d7ddd74200b,5ec4fa7bf0611d7ddd74200b.jpg,stove,Q2,blip_baseline,a stove and oven in a kitchen with a lot of dirty stuff,True,yes,accurate,none,accepted-term match confirmed in caption context
5ec4fa7bf0611d7ddd74200b,5ec4fa7bf0611d7ddd74200b.jpg,stove,Q2,blip_prompted,the main household object in this image is a stove,True,yes,accurate,none,accepted-term match confirmed in caption context
5ec4fa8ff0611d7ddd7420b5,5ec4fa8ff0611d7ddd7420b5.jpg,light source,Q2,blip_baseline,a bird cage hanging from the ceiling of a room,False,no,inaccurate,wrong_object,caption does not identify the study object
5ec4fa8ff0611d7ddd7420b5,5ec4fa8ff0611d7ddd7420b5.jpg,light source,Q2,blip_prompted,the main household object in this image is a bird cage,False,no,inaccurate,wrong_object,caption does not identify the study object
5ec4fb02f0611d7ddd742487,5ec4fb02f0611d7ddd742487.jpg,stove,Q3,blip_baseline,a stove with a pot on top of it,True,yes,accurate,none,accepted-term match confirmed in caption context
5ec4fb02f0611d7ddd742487,5ec4fb02f0611d7ddd742487.jpg,stove,Q3,blip_prompted,the main household object in this image is a gas stove,True,yes,accurate,none,accepted-term match confirmed in caption context
5ec4fb68f0611d7ddd7427d4,5ec4fb68f0611d7ddd7427d4.jpg,switch,Q2,blip_baseline,a white light switch on a wall,True,yes,accurate,none,accepted-term match confirmed in caption context
5ec4fb68f0611d7ddd7427d4,5ec4fb68f0611d7ddd7427d4.jpg,switch,Q2,blip_prompted,the main household object in this image is a wall switch,True,yes,accurate,none,accepted-term match confirmed in caption context
5ec4fb75f0611d7ddd74284a,5ec4fb75f0611d7ddd74284a.jpg,footwear,Q3,blip_baseline,a pair of blue crocs with colorful animals on them,False,yes,accurate,accepted_synonym_missing,Crocs footwear
5ec4fb75f0611d7ddd74284a,5ec4fb75f0611d7ddd74284a.jpg,footwear,Q3,blip_prompted,the main household object in this image is a pair of crocy crocy crocy crocy crocy crocy crocy crocy crocy,False,yes,disfluent,repetition,Crocs identified but repeated many times
5ec4fb81f0611d7ddd7428b0,5ec4fb81f0611d7ddd7428b0.jpg,light source,Q2,blip_baseline,a white ceiling with a light on it,True,yes,accurate,none,accepted-term match confirmed in caption context
5ec4fb81f0611d7ddd7428b0,5ec4fb81f0611d7ddd7428b0.jpg,light source,Q2,blip_prompted,the main household object in this image is a toilet,False,no,inaccurate,wrong_object,caption does not identify the study object
5ec4fba1f0611d7ddd7429bc,5ec4fba1f0611d7ddd7429bc.jpg,light source,Q3,blip_baseline,a kitchen with a ceiling that has been painted,False,no,inaccurate,wrong_object,caption does not identify the study object
5ec4fba1f0611d7ddd7429bc,5ec4fba1f0611d7ddd7429bc.jpg,light source,Q3,blip_prompted,the main household object in this image is a ceiling,False,no,inaccurate,wrong_object,caption does not identify the study object
5f8c634fe894f07b8477dfbe,5f8c634fe894f07b8477dfbe.jpg,switch,Q2,blip_baseline,a white electrical outlet with a white light,False,uncertain,ambiguous,related_object_only,outlet named on a mixed switchboard
5f8c634fe894f07b8477dfbe,5f8c634fe894f07b8477dfbe.jpg,switch,Q2,blip_prompted,the main household object in this image is a white electrical outlet with a white light switch,True,yes,accurate,none,accepted-term match confirmed in caption context
5fa325b3a4fd6154365dfcd4,5fa325b3a4fd6154365dfcd4.jpeg,switch,Q3,blip_baseline,a white light switch and a white light switch,True,yes,accurate,none,accepted-term match confirmed in caption context
5fa325b3a4fd6154365dfcd4,5fa325b3a4fd6154365dfcd4.jpeg,switch,Q3,blip_prompted,the main household object in this image is a plug and socket,False,no,inaccurate,wrong_object,caption does not identify the study object
