image_id,image_name,study_label,income,income_quartile,region,country_id,country_name,model,accepted_caption_terms,task,raw_output,predicted_label,confidence,correct_rank,boxes,metric_value
5d4bf377cf0b3a0f3f35a144,5d4bf377cf0b3a0f3f35a144.jpg,roof,53.64520422,Q1,af,bf,Burkina Faso,clip,"[""roof"", ""roofing"", ""ceiling""]",classification,stove,stove,0.6850037574768066,3,,False
5d4bef5dcf0b3a0f3f3531c6,5d4bef5dcf0b3a0f3f3531c6.jpg,roof,131.5512222,Q1,as,np,Nepal,clip,"[""roof"", ""roofing"", ""ceiling""]",classification,stove,stove,0.7393562197685242,2,,False
5ec4fa89f0611d7ddd742087,5ec4fa89f0611d7ddd742087.jpg,roof,284.0,Q2,am,br,Brazil,clip,"[""roof"", ""roofing"", ""ceiling""]",classification,light source,light source,0.6820181012153625,2,,False
5d4bf2fbcf0b3a0f3f359462,5d4bf2fbcf0b3a0f3f359462.jpg,roof,254.0,Q2,am,bo,Bolivia,clip,"[""roof"", ""roofing"", ""ceiling""]",classification,trash container,trash container,0.49776527285575867,4,,False
5d4be42ccf0b3a0f3f33fa48,5d4be42ccf0b3a0f3f33fa48.JPG,roof,4446.0,Q4,am,us,United States,clip,"[""roof"", ""roofing"", ""ceiling""]",classification,trash container,trash container,0.3019610345363617,5,,False
5d4be417cf0b3a0f3f33f7d4,5d4be417cf0b3a0f3f33f7d4.JPG,roof,1890.0,Q4,eu,gb,United Kingdom,clip,"[""roof"", ""roofing"", ""ceiling""]",classification,light source,light source,0.39517325162887573,2,,False
5d4be1cbcf0b3a0f3f33ba21,5d4be1cbcf0b3a0f3f33ba21.JPG,light source,82.0,Q1,af,ke,Kenya,clip,"[""light"", ""lamp"", ""bulb"", ""lantern"", ""candle""]",classification,stove,stove,0.9472675323486328,2,,False
5d4beab0cf0b3a0f3f34ae70,5d4beab0cf0b3a0f3f34ae70.jpg,light source,170.0,Q1,as,in,India,clip,"[""light"", ""lamp"", ""bulb"", ""lantern"", ""candle""]",classification,roof,roof,0.5235329866409302,2,,False
5d4becefcf0b3a0f3f34eb88,5d4becefcf0b3a0f3f34eb88.jpg,light source,41.85460574,Q1,af,zw,Zimbabwe,clip,"[""light"", ""lamp"", ""bulb"", ""lantern"", ""candle""]",classification,roof,roof,0.6565628051757812,4,,False
5d4be752cf0b3a0f3f3453ca,5d4be752cf0b3a0f3f3453ca.jpg,light source,63.5080716,Q1,as,mm,Myanmar,clip,"[""light"", ""lamp"", ""bulb"", ""lantern"", ""candle""]",classification,stove,stove,0.6708827614784241,5,,False
5d4bf0b4cf0b3a0f3f3555cc,5d4bf0b4cf0b3a0f3f3555cc.jpg,light source,82.91518231,Q1,af,ci,Cote d'Ivoire,clip,"[""light"", ""lamp"", ""bulb"", ""lantern"", ""candle""]",classification,stove,stove,0.9625015258789062,2,,False
5d4be196cf0b3a0f3f33b4c3,5d4be196cf0b3a0f3f33b4c3.jpg,light source,685.0,Q2,am,br,Brazil,clip,"[""light"", ""lamp"", ""bulb"", ""lantern"", ""candle""]",classification,roof,roof,0.7075773477554321,2,,False
5ec4fb81f0611d7ddd7428b0,5ec4fb81f0611d7ddd7428b0.jpg,light source,261.0,Q2,am,co,Colombia,clip,"[""light"", ""lamp"", ""bulb"", ""lantern"", ""candle""]",classification,roof,roof,0.6462305188179016,4,,False
5ec4fa8ff0611d7ddd7420b5,5ec4fa8ff0611d7ddd7420b5.jpg,light source,284.0,Q2,am,br,Brazil,clip,"[""light"", ""lamp"", ""bulb"", ""lantern"", ""candle""]",classification,roof,roof,0.849384069442749,2,,False
5ec4fba1f0611d7ddd7429bc,5ec4fba1f0611d7ddd7429bc.jpg,light source,1482.0,Q3,am,co,Colombia,clip,"[""light"", ""lamp"", ""bulb"", ""lantern"", ""candle""]",classification,roof,roof,0.7285059094429016,2,,False
5d4bde4dcf0b3a0f3f335e25,5d4bde4dcf0b3a0f3f335e25.jpg,light source,898.0,Q3,am,us,United States,clip,"[""light"", ""lamp"", ""bulb"", ""lantern"", ""candle""]",classification,stove,stove,0.5475256443023682,2,,False
5d4be53dcf0b3a0f3f341904,5d4be53dcf0b3a0f3f341904.JPG,light source,2001.0,Q4,am,us,United States,clip,"[""light"", ""lamp"", ""bulb"", ""lantern"", ""candle""]",classification,roof,roof,0.9291963577270508,4,,False
5d4bf27dcf0b3a0f3f358554,5d4bf27dcf0b3a0f3f358554.jpg,trash container,144.688254,Q1,am,co,Colombia,clip,"[""trash can"", ""garbage can"", ""garbage bin"", ""waste bin"", ""dustbin"", ""dumpster""]",classification,stove,stove,0.7093364596366882,2,,False
5d4bf349cf0b3a0f3f359cee,5d4bf349cf0b3a0f3f359cee.jpg,trash container,40.19755831,Q1,af,bi,Burundi,clip,"[""trash can"", ""garbage can"", ""garbage bin"", ""waste bin"", ""dustbin"", ""dumpster""]",classification,footwear,footwear,0.5535193681716919,5,,False
5d4bee51cf0b3a0f3f3512b8,5d4bee51cf0b3a0f3f3512b8.jpg,trash container,460.0,Q2,af,rw,Rwanda,clip,"[""trash can"", ""garbage can"", ""garbage bin"", ""waste bin"", ""dustbin"", ""dumpster""]",classification,footwear,footwear,0.6704171299934387,2,,False
5d4bf191cf0b3a0f3f356bb4,5d4bf191cf0b3a0f3f356bb4.jpg,trash container,245.2917235,Q2,as,in,India,clip,"[""trash can"", ""garbage can"", ""garbage bin"", ""waste bin"", ""dustbin"", ""dumpster""]",classification,stove,stove,0.4220496714115143,3,,False
5d4bf260cf0b3a0f3f3582cc,5d4bf260cf0b3a0f3f3582cc.jpg,switch,144.688254,Q1,am,co,Colombia,clip,"[""switch"", ""light switch"", ""power switch""]",classification,light source,light source,0.3807046413421631,2,,False
5d4be3ffcf0b3a0f3f33f4fa,5d4be3ffcf0b3a0f3f33f4fa.jpg,switch,227.0,Q2,af,cm,Cameroon,clip,"[""switch"", ""light switch"", ""power switch""]",classification,light source,light source,0.5828473567962646,2,,False
