image_id,image_name,study_label,income,income_quartile,region,country_id,country_name,model,accepted_caption_terms,task,raw_output,predicted_label,confidence,correct_rank,boxes,metric_value
5d4bf05ccf0b3a0f3f354caa,5d4bf05ccf0b3a0f3f354caa.jpg,roof,116.0,Q1,af,lr,Liberia,qwen,"[""roof"", ""roofing"", ""ceiling""]",classification,roof,roof,,,,True
5d4bf05ccf0b3a0f3f354caa,5d4bf05ccf0b3a0f3f354caa.jpg,roof,116.0,Q1,af,lr,Liberia,qwen,"[""roof"", ""roofing"", ""ceiling""]",captioning,The main household object in this image is a corrugated metal roof with wooden beams and ropes.,,,,,True
5d4be798cf0b3a0f3f345bb4,5d4be798cf0b3a0f3f345bb4.jpg,roof,78.0,Q1,as,bd,Bangladesh,qwen,"[""roof"", ""roofing"", ""ceiling""]",classification,roof,roof,,,,True
5d4be798cf0b3a0f3f345bb4,5d4be798cf0b3a0f3f345bb4.jpg,roof,78.0,Q1,as,bd,Bangladesh,qwen,"[""roof"", ""roofing"", ""ceiling""]",captioning,The main household object in the image is a wooden broom with a handle and bristles.,,,,,False
5d4bf377cf0b3a0f3f35a144,5d4bf377cf0b3a0f3f35a144.jpg,roof,53.64520422,Q1,af,bf,Burkina Faso,qwen,"[""roof"", ""roofing"", ""ceiling""]",classification,roof,roof,,,,True
5d4bf377cf0b3a0f3f35a144,5d4bf377cf0b3a0f3f35a144.jpg,roof,53.64520422,Q1,af,bf,Burkina Faso,qwen,"[""roof"", ""roofing"", ""ceiling""]",captioning,The main household object in the image is a corrugated metal surface with visible rust and wear.,,,,,False
5d4beacdcf0b3a0f3f34b1d8,5d4beacdcf0b3a0f3f34b1d8.jpg,roof,30.68690172,Q1,as,in,India,qwen,"[""roof"", ""roofing"", ""ceiling""]",classification,roof,roof,,,,True
5d4beacdcf0b3a0f3f34b1d8,5d4beacdcf0b3a0f3f34b1d8.jpg,roof,30.68690172,Q1,as,in,India,qwen,"[""roof"", ""roofing"", ""ceiling""]",captioning,The main household object is a hammock hanging from a wooden frame.,,,,,False
5d4bf0bfcf0b3a0f3f355712,5d4bf0bfcf0b3a0f3f355712.jpg,roof,80.72770904,Q1,af,ci,Cote d'Ivoire,qwen,"[""roof"", ""roofing"", ""ceiling""]",classification,stove,stove,,,,False
5d4bf0bfcf0b3a0f3f355712,5d4bf0bfcf0b3a0f3f355712.jpg,roof,80.72770904,Q1,af,ci,Cote d'Ivoire,qwen,"[""roof"", ""roofing"", ""ceiling""]",captioning,"The main household object is a small, makeshift structure with a thatched roof and walls covered in tarps.",,,,,True
5d4bef5dcf0b3a0f3f3531c6,5d4bef5dcf0b3a0f3f3531c6.jpg,roof,131.5512222,Q1,as,np,Nepal,qwen,"[""roof"", ""roofing"", ""ceiling""]",classification,stove,stove,,,,False
5d4bef5dcf0b3a0f3f3531c6,5d4bef5dcf0b3a0f3f3531c6.jpg,roof,131.5512222,Q1,as,np,Nepal,qwen,"[""roof"", ""roofing"", ""ceiling""]",captioning,The main household object in the image is a metal radiator with a corrugated surface and wooden trim.,,,,,False
5d4bf3a8cf0b3a0f3f35a67c,5d4bf3a8cf0b3a0f3f35a67c.jpg,roof,55.93351031,Q1,af,bf,Burkina Faso,qwen,"[""roof"", ""roofing"", ""ceiling""]",classification,roof,roof,,,,True
5d4bf3a8cf0b3a0f3f35a67c,5d4bf3a8cf0b3a0f3f35a67c.jpg,roof,55.93351031,Q1,af,bf,Burkina Faso,qwen,"[""roof"", ""roofing"", ""ceiling""]",captioning,The main household object in the image is a woven straw roof.,,,,,True
5ec4f9f2f0611d7ddd741bae,5ec4f9f2f0611d7ddd741bae.JPG,roof,306.0,Q2,af,et,Ethiopia,qwen,"[""roof"", ""roofing"", ""ceiling""]",classification,stove,stove,,,,False
5ec4f9f2f0611d7ddd741bae,5ec4f9f2f0611d7ddd741bae.JPG,roof,306.0,Q2,af,et,Ethiopia,qwen,"[""roof"", ""roofing"", ""ceiling""]",captioning,The main household object in the image is a spiral staircase made of dark wood.,,,,,False
5ec4fa89f0611d7ddd742087,5ec4fa89f0611d7ddd742087.jpg,roof,284.0,Q2,am,br,Brazil,qwen,"[""roof"", ""roofing"", ""ceiling""]",classification,light source,light source,,,,False
5ec4fa89f0611d7ddd742087,5ec4fa89f0611d7ddd742087.jpg,roof,284.0,Q2,am,br,Brazil,qwen,"[""roof"", ""roofing"", ""ceiling""]",captioning,The main household object is a red metal fence with a white car parked behind it.,,,,,False
5d4bea54cf0b3a0f3f34a3ac,5d4bea54cf0b3a0f3f34a3ac.jpg,roof,221.3244168,Q2,as,in,India,qwen,"[""roof"", ""roofing"", ""ceiling""]",classification,roof,roof,,,,True
5d4bea54cf0b3a0f3f34a3ac,5d4bea54cf0b3a0f3f34a3ac.jpg,roof,221.3244168,Q2,as,in,India,qwen,"[""roof"", ""roofing"", ""ceiling""]",captioning,The main household object in the image is a wooden stick placed against a corrugated metal wall.,,,,,False
5d4bdefccf0b3a0f3f336ec5,5d4bdefccf0b3a0f3f336ec5.jpg,roof,430.0,Q2,eu,rs,Serbia,qwen,"[""roof"", ""roofing"", ""ceiling""]",classification,roof,roof,,,,True
5d4bdefccf0b3a0f3f336ec5,5d4bdefccf0b3a0f3f336ec5.jpg,roof,430.0,Q2,eu,rs,Serbia,qwen,"[""roof"", ""roofing"", ""ceiling""]",captioning,The main household object is a roof with tiled shingles and a chimney.,,,,,True
5d4be3ffcf0b3a0f3f33f500,5d4be3ffcf0b3a0f3f33f500.jpg,roof,227.0,Q2,af,cm,Cameroon,qwen,"[""roof"", ""roofing"", ""ceiling""]",classification,light source,light source,,,,False
5d4be3ffcf0b3a0f3f33f500,5d4be3ffcf0b3a0f3f33f500.jpg,roof,227.0,Q2,af,cm,Cameroon,qwen,"[""roof"", ""roofing"", ""ceiling""]",captioning,The main household object in the image is a hanging strawberry-shaped decoration.,,,,,False
5d4bf2fbcf0b3a0f3f359462,5d4bf2fbcf0b3a0f3f359462.jpg,roof,254.0,Q2,am,bo,Bolivia,qwen,"[""roof"", ""roofing"", ""ceiling""]",classification,stove,stove,,,,False
5d4bf2fbcf0b3a0f3f359462,5d4bf2fbcf0b3a0f3f359462.jpg,roof,254.0,Q2,am,bo,Bolivia,qwen,"[""roof"", ""roofing"", ""ceiling""]",captioning,The main household object in the image is a red wall with peeling paint and some markings on it.,,,,,False
5d4bf131cf0b3a0f3f356206,5d4bf131cf0b3a0f3f356206.jpg,roof,564.997748,Q2,as,id,Indonesia,qwen,"[""roof"", ""roofing"", ""ceiling""]",classification,roof,roof,,,,True
5d4bf131cf0b3a0f3f356206,5d4bf131cf0b3a0f3f356206.jpg,roof,564.997748,Q2,as,id,Indonesia,qwen,"[""roof"", ""roofing"", ""ceiling""]",captioning,The main household object is a metal downspout attached to a tiled roof.,,,,,True
5ec4f9e2f0611d7ddd741b33,5ec4f9e2f0611d7ddd741b33.JPG,roof,719.0,Q3,af,et,Ethiopia,qwen,"[""roof"", ""roofing"", ""ceiling""]",classification,light source,light source,,,,False
5ec4f9e2f0611d7ddd741b33,5ec4f9e2f0611d7ddd741b33.JPG,roof,719.0,Q3,af,et,Ethiopia,qwen,"[""roof"", ""roofing"", ""ceiling""]",captioning,The main household object in the image is a light bulb hanging from a wire on a tiled ceiling.,,,,,True
5fa329ada4fd6103df5dff73,5fa329ada4fd6103df5dff73.jpeg,roof,1025.0,Q3,am,co,Colombia,qwen,"[""roof"", ""roofing"", ""ceiling""]",classification,stove,stove,,,,False
5fa329ada4fd6103df5dff73,5fa329ada4fd6103df5dff73.jpeg,roof,1025.0,Q3,am,co,Colombia,qwen,"[""roof"", ""roofing"", ""ceiling""]",captioning,The main household object in this image is an air vent with a decorative pattern on it.,,,,,False
5d4be103cf0b3a0f3f33a4af,5d4be103cf0b3a0f3f33a4af.jpg,roof,1295.0,Q3,as,in,India,qwen,"[""roof"", ""roofing"", ""ceiling""]",classification,light source,light source,,,,False
5d4be103cf0b3a0f3f33a4af,5d4be103cf0b3a0f3f33a4af.jpg,roof,1295.0,Q3,as,in,India,qwen,"[""roof"", ""roofing"", ""ceiling""]",captioning,The main household object in the image is a ceiling fan with three light bulbs and four blades.,,,,,True
5d4be02fcf0b3a0f3f338c7c,5d4be02fcf0b3a0f3f338c7c.JPG,roof,1260.0,Q3,eu,nl,Netherlands,qwen,"[""roof"", ""roofing"", ""ceiling""]",classification,light source,light source,,,,False
5d4be02fcf0b3a0f3f338c7c,5d4be02fcf0b3a0f3f338c7c.JPG,roof,1260.0,Q3,eu,nl,Netherlands,qwen,"[""roof"", ""roofing"", ""ceiling""]",captioning,The main household object is a wall with a textured surface.,,,,,False
5ec4f97ef0611d7ddd7417d1,5ec4f97ef0611d7ddd7417d1.jpg,roof,745.0,Q3,af,cm,Cameroon,qwen,"[""roof"", ""roofing"", ""ceiling""]",classification,tile,,,,,False
5ec4f97ef0611d7ddd7417d1,5ec4f97ef0611d7ddd7417d1.jpg,roof,745.0,Q3,af,cm,Cameroon,qwen,"[""roof"", ""roofing"", ""ceiling""]",captioning,The main household object in this image is a pink bathroom with white tiles and a pink door frame.,,,,,False
5d4be09bcf0b3a0f3f3398ab,5d4be09bcf0b3a0f3f3398ab.JPG,roof,1034.0,Q3,am,br,Brazil,qwen,"[""roof"", ""roofing"", ""ceiling""]",classification,light source,light source,,,,False
5d4be09bcf0b3a0f3f3398ab,5d4be09bcf0b3a0f3f3398ab.JPG,roof,1034.0,Q3,am,br,Brazil,qwen,"[""roof"", ""roofing"", ""ceiling""]",captioning,The main household object is a ceiling light fixture with a white bulb.,,,,,True
5ec4f86df0611d7ddd740eb2,5ec4f86df0611d7ddd740eb2.jpg,roof,1706.0,Q3,as,ir,Iran,qwen,"[""roof"", ""roofing"", ""ceiling""]",classification,roof,roof,,,,True
5ec4f86df0611d7ddd740eb2,5ec4f86df0611d7ddd740eb2.jpg,roof,1706.0,Q3,as,ir,Iran,qwen,"[""roof"", ""roofing"", ""ceiling""]",captioning,The main household object in the image is a set of orange and gray concrete stairs.,,,,,False
5d4be61ccf0b3a0f3f343139,5d4be61ccf0b3a0f3f343139.jpg,roof,3755.0,Q4,af,za,South Africa,qwen,"[""roof"", ""roofing"", ""ceiling""]",classification,light source,light source,,,,False
5d4be61ccf0b3a0f3f343139,5d4be61ccf0b3a0f3f343139.jpg,roof,3755.0,Q4,af,za,South Africa,qwen,"[""roof"", ""roofing"", ""ceiling""]",captioning,The main household object in this image is a white wall.,,,,,False
5d4be42ccf0b3a0f3f33fa48,5d4be42ccf0b3a0f3f33fa48.JPG,roof,4446.0,Q4,am,us,United States,qwen,"[""roof"", ""roofing"", ""ceiling""]",classification,light source,light source,,,,False
5d4be42ccf0b3a0f3f33fa48,5d4be42ccf0b3a0f3f33fa48.JPG,roof,4446.0,Q4,am,us,United States,qwen,"[""roof"", ""roofing"", ""ceiling""]",captioning,The main household object in the image is a white wall.,,,,,False
5d4be0abcf0b3a0f3f339a79,5d4be0abcf0b3a0f3f339a79.jpg,roof,5621.0,Q4,as,in,India,qwen,"[""roof"", ""roofing"", ""ceiling""]",classification,light source,light source,,,,False
5d4be0abcf0b3a0f3f339a79,5d4be0abcf0b3a0f3f339a79.jpg,roof,5621.0,Q4,as,in,India,qwen,"[""roof"", ""roofing"", ""ceiling""]",captioning,The main household object is a white ceiling fan with three blades.,,,,,True
5d4be417cf0b3a0f3f33f7d4,5d4be417cf0b3a0f3f33f7d4.JPG,roof,1890.0,Q4,eu,gb,United Kingdom,qwen,"[""roof"", ""roofing"", ""ceiling""]",classification,light source,light source,,,,False
5d4be417cf0b3a0f3f33f7d4,5d4be417cf0b3a0f3f33f7d4.JPG,roof,1890.0,Q4,eu,gb,United Kingdom,qwen,"[""roof"", ""roofing"", ""ceiling""]",captioning,The main household object is a ceiling light with a black lampshade.,,,,,True
5d4bebdccf0b3a0f3f34d03d,5d4bebdccf0b3a0f3f34d03d.jpg,roof,4650.0,Q4,am,us,United States,qwen,"[""roof"", ""roofing"", ""ceiling""]",classification,roof,roof,,,,True
5d4bebdccf0b3a0f3f34d03d,5d4bebdccf0b3a0f3f34d03d.jpg,roof,4650.0,Q4,am,us,United States,qwen,"[""roof"", ""roofing"", ""ceiling""]",captioning,"The main household object is a dormer window with a curved top and a small, dark-colored object inside.",,,,,False
5d4be136cf0b3a0f3f33aa95,5d4be136cf0b3a0f3f33aa95.jpg,roof,4621.0,Q4,as,in,India,qwen,"[""roof"", ""roofing"", ""ceiling""]",classification,light source,light source,,,,False
5d4be136cf0b3a0f3f33aa95,5d4be136cf0b3a0f3f33aa95.jpg,roof,4621.0,Q4,as,in,India,qwen,"[""roof"", ""roofing"", ""ceiling""]",captioning,There is a ceiling fan on the ceiling.,,,,,True
5d4be404cf0b3a0f3f33f59c,5d4be404cf0b3a0f3f33f59c.JPG,roof,2010.0,Q4,eu,gb,United Kingdom,qwen,"[""roof"", ""roofing"", ""ceiling""]",classification,roof,roof,,,,True
5d4be404cf0b3a0f3f33f59c,5d4be404cf0b3a0f3f33f59c.JPG,roof,2010.0,Q4,eu,gb,United Kingdom,qwen,"[""roof"", ""roofing"", ""ceiling""]",captioning,The main household object is a brick house with white-framed windows and a tiled roof.,,,,,True
5d4be1cbcf0b3a0f3f33ba21,5d4be1cbcf0b3a0f3f33ba21.JPG,light source,82.0,Q1,af,ke,Kenya,qwen,"[""light"", ""lamp"", ""bulb"", ""lantern"", ""candle""]",classification,stove,stove,,,,False
5d4be1cbcf0b3a0f3f33ba21,5d4be1cbcf0b3a0f3f33ba21.JPG,light source,82.0,Q1,af,ke,Kenya,qwen,"[""light"", ""lamp"", ""bulb"", ""lantern"", ""candle""]",captioning,"The main household object in the image is a red canister with a black nozzle, likely used for fuel or gas.",,,,,False
5d4be664cf0b3a0f3f343977,5d4be664cf0b3a0f3f343977.JPG,light source,102.0,Q1,am,pe,Peru,qwen,"[""light"", ""lamp"", ""bulb"", ""lantern"", ""candle""]",classification,light source,light source,,,,True
5d4be664cf0b3a0f3f343977,5d4be664cf0b3a0f3f343977.JPG,light source,102.0,Q1,am,pe,Peru,qwen,"[""light"", ""lamp"", ""bulb"", ""lantern"", ""candle""]",captioning,The main household object in the image is a compact fluorescent light bulb.,,,,,True
5d4beab0cf0b3a0f3f34ae70,5d4beab0cf0b3a0f3f34ae70.jpg,light source,170.0,Q1,as,in,India,qwen,"[""light"", ""lamp"", ""bulb"", ""lantern"", ""candle""]",classification,light source,light source,,,,True
5d4beab0cf0b3a0f3f34ae70,5d4beab0cf0b3a0f3f34ae70.jpg,light source,170.0,Q1,as,in,India,qwen,"[""light"", ""lamp"", ""bulb"", ""lantern"", ""candle""]",captioning,The main household object in the image is a fluorescent light fixture with exposed wiring and pipes.,,,,,True
5d4becefcf0b3a0f3f34eb88,5d4becefcf0b3a0f3f34eb88.jpg,light source,41.85460574,Q1,af,zw,Zimbabwe,qwen,"[""light"", ""lamp"", ""bulb"", ""lantern"", ""candle""]",classification,stove,stove,,,,False
5d4becefcf0b3a0f3f34eb88,5d4becefcf0b3a0f3f34eb88.jpg,light source,41.85460574,Q1,af,zw,Zimbabwe,qwen,"[""light"", ""lamp"", ""bulb"", ""lantern"", ""candle""]",captioning,"The image shows a dark, cloudy sky with no visible objects.",,,,,False
5d4bf271cf0b3a0f3f3583da,5d4bf271cf0b3a0f3f3583da.jpg,light source,144.688254,Q1,am,co,Colombia,qwen,"[""light"", ""lamp"", ""bulb"", ""lantern"", ""candle""]",classification,light source,light source,,,,True
5d4bf271cf0b3a0f3f3583da,5d4bf271cf0b3a0f3f3583da.jpg,light source,144.688254,Q1,am,co,Colombia,qwen,"[""light"", ""lamp"", ""bulb"", ""lantern"", ""candle""]",captioning,The main household object in the image is an exposed light bulb hanging from the ceiling.,,,,,True
5d4be752cf0b3a0f3f3453ca,5d4be752cf0b3a0f3f3453ca.jpg,light source,63.5080716,Q1,as,mm,Myanmar,qwen,"[""light"", ""lamp"", ""bulb"", ""lantern"", ""candle""]",classification,trash container,trash container,,,,False
5d4be752cf0b3a0f3f3453ca,5d4be752cf0b3a0f3f3453ca.jpg,light source,63.5080716,Q1,as,mm,Myanmar,qwen,"[""light"", ""lamp"", ""bulb"", ""lantern"", ""candle""]",captioning,The main household object is a woven basket hanging on a wooden post near a water body.,,,,,False
5d4bf0b4cf0b3a0f3f3555cc,5d4bf0b4cf0b3a0f3f3555cc.jpg,light source,82.91518231,Q1,af,ci,Cote d'Ivoire,qwen,"[""light"", ""lamp"", ""bulb"", ""lantern"", ""candle""]",classification,light source,light source,,,,True
5d4bf0b4cf0b3a0f3f3555cc,5d4bf0b4cf0b3a0f3f3555cc.jpg,light source,82.91518231,Q1,af,ci,Cote d'Ivoire,qwen,"[""light"", ""lamp"", ""bulb"", ""lantern"", ""candle""]",captioning,"The main household object in the image is an old, red lantern with a metal base and handle.",,,,,True
5d4bdfa0cf0b3a0f3f337f53,5d4bdfa0cf0b3a0f3f337f53.jpg,light source,398.0,Q2,am,pe,Peru,qwen,"[""light"", ""lamp"", ""bulb"", ""lantern"", ""candle""]",classification,light source,light source,,,,True
5d4bdfa0cf0b3a0f3f337f53,5d4bdfa0cf0b3a0f3f337f53.jpg,light source,398.0,Q2,am,pe,Peru,qwen,"[""light"", ""lamp"", ""bulb"", ""lantern"", ""candle""]",captioning,The main household object is a fluorescent light fixture on a bed.,,,,,True
5f8dfa6069531c2f81fdef7f,5f8dfa6069531c2f81fdef7f.jpg,light source,304.0,Q2,as,pk,Pakistan,qwen,"[""light"", ""lamp"", ""bulb"", ""lantern"", ""candle""]",classification,light source,light source,,,,True
5f8dfa6069531c2f81fdef7f,5f8dfa6069531c2f81fdef7f.jpg,light source,304.0,Q2,as,pk,Pakistan,qwen,"[""light"", ""lamp"", ""bulb"", ""lantern"", ""candle""]",captioning,The main household object in this image is an electrical panel with multiple switches and a light bulb.,,,,,True
5d4be196cf0b3a0f3f33b4c3,5d4be196cf0b3a0f3f33b4c3.jpg,light source,685.0,Q2,am,br,Brazil,qwen,"[""light"", ""lamp"", ""bulb"", ""lantern"", ""candle""]",classification,light source,light source,,,,True
5d4be196cf0b3a0f3f33b4c3,5d4be196cf0b3a0f3f33b4c3.jpg,light source,685.0,Q2,am,br,Brazil,qwen,"[""light"", ""lamp"", ""bulb"", ""lantern"", ""candle""]",captioning,The main household object is a light fixture on a ceiling.,,,,,True
5d4be631cf0b3a0f3f343397,5d4be631cf0b3a0f3f343397.JPG,light source,526.0,Q2,as,in,India,qwen,"[""light"", ""lamp"", ""bulb"", ""lantern"", ""candle""]",classification,light source,light source,,,,True
5d4be631cf0b3a0f3f343397,5d4be631cf0b3a0f3f343397.JPG,light source,526.0,Q2,as,in,India,qwen,"[""light"", ""lamp"", ""bulb"", ""lantern"", ""candle""]",captioning,The main household object in the image is an illuminated light bulb.,,,,,True
5ec4fb81f0611d7ddd7428b0,5ec4fb81f0611d7ddd7428b0.jpg,light source,261.0,Q2,am,co,Colombia,qwen,"[""light"", ""lamp"", ""bulb"", ""lantern"", ""candle""]",classification,light source,light source,,,,True
5ec4fb81f0611d7ddd7428b0,5ec4fb81f0611d7ddd7428b0.jpg,light source,261.0,Q2,am,co,Colombia,qwen,"[""light"", ""lamp"", ""bulb"", ""lantern"", ""candle""]",captioning,The main household object in this image is a light bulb.,,,,,True
5d4bdf05cf0b3a0f3f336fb3,5d4bdf05cf0b3a0f3f336fb3.JPG,light source,293.0,Q2,as,id,Indonesia,qwen,"[""light"", ""lamp"", ""bulb"", ""lantern"", ""candle""]",classification,light source,light source,,,,True
5d4bdf05cf0b3a0f3f336fb3,5d4bdf05cf0b3a0f3f336fb3.JPG,light source,293.0,Q2,as,id,Indonesia,qwen,"[""light"", ""lamp"", ""bulb"", ""lantern"", ""candle""]",captioning,The main household object in the image is a light bulb hanging from a ceiling.,,,,,True
5ec4fa8ff0611d7ddd7420b5,5ec4fa8ff0611d7ddd7420b5.jpg,light source,284.0,Q2,am,br,Brazil,qwen,"[""light"", ""lamp"", ""bulb"", ""lantern"", ""candle""]",classification,light source,light source,,,,True
5ec4fa8ff0611d7ddd7420b5,5ec4fa8ff0611d7ddd7420b5.jpg,light source,284.0,Q2,am,br,Brazil,qwen,"[""light"", ""lamp"", ""bulb"", ""lantern"", ""candle""]",captioning,The main household object is a light bulb hanging from the ceiling.,,,,,True
5d4be03ccf0b3a0f3f338dde,5d4be03ccf0b3a0f3f338dde.JPG,light source,1643.0,Q3,af,ng,Nigeria,qwen,"[""light"", ""lamp"", ""bulb"", ""lantern"", ""candle""]",classification,light source,light source,,,,True
5d4be03ccf0b3a0f3f338dde,5d4be03ccf0b3a0f3f338dde.JPG,light source,1643.0,Q3,af,ng,Nigeria,qwen,"[""light"", ""lamp"", ""bulb"", ""lantern"", ""candle""]",captioning,The main household object in the image is a chandelier with four glass shades and a central metal rod.,,,,,False
5ec4fba1f0611d7ddd7429bc,5ec4fba1f0611d7ddd7429bc.jpg,light source,1482.0,Q3,am,co,Colombia,qwen,"[""light"", ""lamp"", ""bulb"", ""lantern"", ""candle""]",classification,light source,light source,,,,True
5ec4fba1f0611d7ddd7429bc,5ec4fba1f0611d7ddd7429bc.jpg,light source,1482.0,Q3,am,co,Colombia,qwen,"[""light"", ""lamp"", ""bulb"", ""lantern"", ""candle""]",captioning,The main household object is a ceiling with a light fixture.,,,,,True
5d4be0b0cf0b3a0f3f339b0b,5d4be0b0cf0b3a0f3f339b0b.jpg,light source,1742.0,Q3,as,in,India,qwen,"[""light"", ""lamp"", ""bulb"", ""lantern"", ""candle""]",classification,stove,stove,,,,False
5d4be0b0cf0b3a0f3f339b0b,5d4be0b0cf0b3a0f3f339b0b.jpg,light source,1742.0,Q3,as,in,India,qwen,"[""light"", ""lamp"", ""bulb"", ""lantern"", ""candle""]",captioning,The main household object is a brown refrigerator with a door handle and a light switch on the side.,,,,,True
5d4bdfb1cf0b3a0f3f33809d,5d4bdfb1cf0b3a0f3f33809d.jpg,light source,1038.0,Q3,eu,nl,Netherlands,qwen,"[""light"", ""lamp"", ""bulb"", ""lantern"", ""candle""]",classification,light source,light source,,,,True
5d4bdfb1cf0b3a0f3f33809d,5d4bdfb1cf0b3a0f3f33809d.jpg,light source,1038.0,Q3,eu,nl,Netherlands,qwen,"[""light"", ""lamp"", ""bulb"", ""lantern"", ""candle""]",captioning,The main household object in the image is a black table lamp with a ribbed shade.,,,,,True
5d4be672cf0b3a0f3f343b19,5d4be672cf0b3a0f3f343b19.jpg,light source,1050.70879,Q3,af,tz,Tanzania,qwen,"[""light"", ""lamp"", ""bulb"", ""lantern"", ""candle""]",classification,light source,light source,,,,True
5d4be672cf0b3a0f3f343b19,5d4be672cf0b3a0f3f343b19.jpg,light source,1050.70879,Q3,af,tz,Tanzania,qwen,"[""light"", ""lamp"", ""bulb"", ""lantern"", ""candle""]",captioning,The main household object in the image is a fluorescent light fixture mounted on a ceiling.,,,,,True
5d4bde4dcf0b3a0f3f335e25,5d4bde4dcf0b3a0f3f335e25.jpg,light source,898.0,Q3,am,us,United States,qwen,"[""light"", ""lamp"", ""bulb"", ""lantern"", ""candle""]",classification,light source,light source,,,,True
5d4bde4dcf0b3a0f3f335e25,5d4bde4dcf0b3a0f3f335e25.jpg,light source,898.0,Q3,am,us,United States,qwen,"[""light"", ""lamp"", ""bulb"", ""lantern"", ""candle""]",captioning,The main household object is a recessed ceiling light.,,,,,True
5d4be657cf0b3a0f3f3437e9,5d4be657cf0b3a0f3f3437e9.JPG,light source,1350.0,Q3,as,cn,China,qwen,"[""light"", ""lamp"", ""bulb"", ""lantern"", ""candle""]",classification,light source,light source,,,,True
5d4be657cf0b3a0f3f3437e9,5d4be657cf0b3a0f3f3437e9.JPG,light source,1350.0,Q3,as,cn,China,qwen,"[""light"", ""lamp"", ""bulb"", ""lantern"", ""candle""]",captioning,The main household object in the image is a ceiling light fixture with a cracked glass cover.,,,,,True
5ec4f834f0611d7ddd740cc3,5ec4f834f0611d7ddd740cc3.JPG,light source,3478.0,Q4,am,us,United States,qwen,"[""light"", ""lamp"", ""bulb"", ""lantern"", ""candle""]",classification,light source,light source,,,,True
5ec4f834f0611d7ddd740cc3,5ec4f834f0611d7ddd740cc3.JPG,light source,3478.0,Q4,am,us,United States,qwen,"[""light"", ""lamp"", ""bulb"", ""lantern"", ""candle""]",captioning,The main household object is a table lamp with a geometric wooden base and a white fabric shade.,,,,,True
5d4be118cf0b3a0f3f33a717,5d4be118cf0b3a0f3f33a717.jpeg,light source,3477.0,Q4,as,in,India,qwen,"[""light"", ""lamp"", ""bulb"", ""lantern"", ""candle""]",classification,light source,light source,,,,True
5d4be118cf0b3a0f3f33a717,5d4be118cf0b3a0f3f33a717.jpeg,light source,3477.0,Q4,as,in,India,qwen,"[""light"", ""lamp"", ""bulb"", ""lantern"", ""candle""]",captioning,The main household object in the image is a portable camping lantern with a bright light source.,,,,,True
5ec4f91cf0611d7ddd74148c,5ec4f91cf0611d7ddd74148c.jpg,light source,4256.0,Q4,eu,es,Spain,qwen,"[""light"", ""lamp"", ""bulb"", ""lantern"", ""candle""]",classification,light source,light source,,,,True
5ec4f91cf0611d7ddd74148c,5ec4f91cf0611d7ddd74148c.jpg,light source,4256.0,Q4,eu,es,Spain,qwen,"[""light"", ""lamp"", ""bulb"", ""lantern"", ""candle""]",captioning,The main household object in the image is a bedside lamp with a white cylindrical body and a glowing light at the top.,,,,,True
5d4be53dcf0b3a0f3f341904,5d4be53dcf0b3a0f3f341904.JPG,light source,2001.0,Q4,am,us,United States,qwen,"[""light"", ""lamp"", ""bulb"", ""lantern"", ""candle""]",classification,light source,light source,,,,True
5d4be53dcf0b3a0f3f341904,5d4be53dcf0b3a0f3f341904.JPG,light source,2001.0,Q4,am,us,United States,qwen,"[""light"", ""lamp"", ""bulb"", ""lantern"", ""candle""]",captioning,The main household object is a white rectangular vent on the ceiling.,,,,,False
5d4bf2a9cf0b3a0f3f358a8e,5d4bf2a9cf0b3a0f3f358a8e.jpg,light source,3704.327276,Q4,as,cn,China,qwen,"[""light"", ""lamp"", ""bulb"", ""lantern"", ""candle""]",classification,light source,light source,,,,True
5d4bf2a9cf0b3a0f3f358a8e,5d4bf2a9cf0b3a0f3f358a8e.jpg,light source,3704.327276,Q4,as,cn,China,qwen,"[""light"", ""lamp"", ""bulb"", ""lantern"", ""candle""]",captioning,The main household object in the image is a chandelier with multiple light bulbs.,,,,,True
5ec4f90ef0611d7ddd741415,5ec4f90ef0611d7ddd741415.jpg,light source,3195.0,Q4,eu,es,Spain,qwen,"[""light"", ""lamp"", ""bulb"", ""lantern"", ""candle""]",classification,light source,light source,,,,True
5ec4f90ef0611d7ddd741415,5ec4f90ef0611d7ddd741415.jpg,light source,3195.0,Q4,eu,es,Spain,qwen,"[""light"", ""lamp"", ""bulb"", ""lantern"", ""candle""]",captioning,The main household object is a vintage-style table lamp with a beige lampshade and an ornate metal base.,,,,,True
5d4bebfdcf0b3a0f3f34d421,5d4bebfdcf0b3a0f3f34d421.jpg,light source,4650.0,Q4,am,us,United States,qwen,"[""light"", ""lamp"", ""bulb"", ""lantern"", ""candle""]",classification,light source,light source,,,,True
5d4bebfdcf0b3a0f3f34d421,5d4bebfdcf0b3a0f3f34d421.jpg,light source,4650.0,Q4,am,us,United States,qwen,"[""light"", ""lamp"", ""bulb"", ""lantern"", ""candle""]",captioning,The main household object in this image is a ceiling with recessed lighting fixtures.,,,,,False
5d4befc5cf0b3a0f3f353ce2,5d4befc5cf0b3a0f3f353ce2.jpg,stove,50.18041676,Q1,af,mw,Malawi,qwen,"[""stove"", ""oven"", ""cooker"", ""cooktop"", ""hob""]",classification,stove,stove,,,,True
5d4befc5cf0b3a0f3f353ce2,5d4befc5cf0b3a0f3f353ce2.jpg,stove,50.18041676,Q1,af,mw,Malawi,qwen,"[""stove"", ""oven"", ""cooker"", ""cooktop"", ""hob""]",captioning,The main household object is a toy car with a yellow and blue color scheme.,,,,,False
5d4bf150cf0b3a0f3f356534,5d4bf150cf0b3a0f3f356534.jpg,stove,209.7449238,Q1,as,id,Indonesia,qwen,"[""stove"", ""oven"", ""cooker"", ""cooktop"", ""hob""]",classification,stove,stove,,,,True
5d4bf150cf0b3a0f3f356534,5d4bf150cf0b3a0f3f356534.jpg,stove,209.7449238,Q1,as,id,Indonesia,qwen,"[""stove"", ""oven"", ""cooker"", ""cooktop"", ""hob""]",captioning,The main household object is a silver teapot with a black lid and handle on a table.,,,,,False
5d4bed75cf0b3a0f3f34fa6a,5d4bed75cf0b3a0f3f34fa6a.jpg,stove,113.5375491,Q1,af,tn,Tunisia,qwen,"[""stove"", ""oven"", ""cooker"", ""cooktop"", ""hob""]",classification,stove,stove,,,,True
5d4bed75cf0b3a0f3f34fa6a,5d4bed75cf0b3a0f3f34fa6a.jpg,stove,113.5375491,Q1,af,tn,Tunisia,qwen,"[""stove"", ""oven"", ""cooker"", ""cooktop"", ""hob""]",captioning,The main household object is a metal gas cylinder with a hose attached to it.,,,,,False
5d4be7b3cf0b3a0f3f345ec4,5d4be7b3cf0b3a0f3f345ec4.jpg,stove,72.10457258,Q1,as,bd,Bangladesh,qwen,"[""stove"", ""oven"", ""cooker"", ""cooktop"", ""hob""]",classification,stove,stove,,,,True
5d4be7b3cf0b3a0f3f345ec4,5d4be7b3cf0b3a0f3f345ec4.jpg,stove,72.10457258,Q1,as,bd,Bangladesh,qwen,"[""stove"", ""oven"", ""cooker"", ""cooktop"", ""hob""]",captioning,The main household object is a black cast iron skillet placed on a stone stove.,,,,,True
5d4bee22cf0b3a0f3f350e6a,5d4bee22cf0b3a0f3f350e6a.jpg,stove,53.35597015,Q1,af,rw,Rwanda,qwen,"[""stove"", ""oven"", ""cooker"", ""cooktop"", ""hob""]",classification,stove,stove,,,,True
5d4bee22cf0b3a0f3f350e6a,5d4bee22cf0b3a0f3f350e6a.jpg,stove,53.35597015,Q1,af,rw,Rwanda,qwen,"[""stove"", ""oven"", ""cooker"", ""cooktop"", ""hob""]",captioning,The main household object is a makeshift shelter constructed from bricks and corrugated metal sheets.,,,,,False
5d4bef59cf0b3a0f3f353156,5d4bef59cf0b3a0f3f353156.jpg,stove,131.5512222,Q1,as,np,Nepal,qwen,"[""stove"", ""oven"", ""cooker"", ""cooktop"", ""hob""]",classification,stove,stove,,,,True
5d4bef59cf0b3a0f3f353156,5d4bef59cf0b3a0f3f353156.jpg,stove,131.5512222,Q1,as,np,Nepal,qwen,"[""stove"", ""oven"", ""cooker"", ""cooktop"", ""hob""]",captioning,The main household object is a black cast iron wok placed on a portable gas stove.,,,,,True
5d4beff5cf0b3a0f3f354210,5d4beff5cf0b3a0f3f354210.jpg,stove,51.88264617,Q1,af,mw,Malawi,qwen,"[""stove"", ""oven"", ""cooker"", ""cooktop"", ""hob""]",classification,stove,stove,,,,True
5d4beff5cf0b3a0f3f354210,5d4beff5cf0b3a0f3f354210.jpg,stove,51.88264617,Q1,af,mw,Malawi,qwen,"[""stove"", ""oven"", ""cooker"", ""cooktop"", ""hob""]",captioning,The main household object in the image is a small brick oven used for cooking.,,,,,True
5ec4fa30f0611d7ddd741dbe,5ec4fa30f0611d7ddd741dbe.JPG,stove,623.0,Q2,af,et,Ethiopia,qwen,"[""stove"", ""oven"", ""cooker"", ""cooktop"", ""hob""]",classification,stove,stove,,,,True
5ec4fa30f0611d7ddd741dbe,5ec4fa30f0611d7ddd741dbe.JPG,stove,623.0,Q2,af,et,Ethiopia,qwen,"[""stove"", ""oven"", ""cooker"", ""cooktop"", ""hob""]",captioning,"The main household object in this image is an old, rusted electric stove with two burners.",,,,,True
5ec4fa7bf0611d7ddd74200b,5ec4fa7bf0611d7ddd74200b.jpg,stove,311.0,Q2,am,br,Brazil,qwen,"[""stove"", ""oven"", ""cooker"", ""cooktop"", ""hob""]",classification,stove,stove,,,,True
5ec4fa7bf0611d7ddd74200b,5ec4fa7bf0611d7ddd74200b.jpg,stove,311.0,Q2,am,br,Brazil,qwen,"[""stove"", ""oven"", ""cooker"", ""cooktop"", ""hob""]",captioning,The main household object is a stainless steel oven with a digital display and control panel.,,,,,True
5d4bf2b2cf0b3a0f3f358bb0,5d4bf2b2cf0b3a0f3f358bb0.jpg,stove,240.0,Q2,as,cn,China,qwen,"[""stove"", ""oven"", ""cooker"", ""cooktop"", ""hob""]",classification,stove,stove,,,,True
5d4bf2b2cf0b3a0f3f358bb0,5d4bf2b2cf0b3a0f3f358bb0.jpg,stove,240.0,Q2,as,cn,China,qwen,"[""stove"", ""oven"", ""cooker"", ""cooktop"", ""hob""]",captioning,The main household object is an old-fashioned brick oven with a large metal pan on top.,,,,,True
5d4be176cf0b3a0f3f33b207,5d4be176cf0b3a0f3f33b207.jpg,stove,456.0,Q2,am,br,Brazil,qwen,"[""stove"", ""oven"", ""cooker"", ""cooktop"", ""hob""]",classification,stove,stove,,,,True
5d4be176cf0b3a0f3f33b207,5d4be176cf0b3a0f3f33b207.jpg,stove,456.0,Q2,am,br,Brazil,qwen,"[""stove"", ""oven"", ""cooker"", ""cooktop"", ""hob""]",captioning,The main household object is an old-fashioned gas stove with two pots on it.,,,,,True
5d4be76ecf0b3a0f3f3456e8,5d4be76ecf0b3a0f3f3456e8.jpg,stove,308.0,Q2,as,id,Indonesia,qwen,"[""stove"", ""oven"", ""cooker"", ""cooktop"", ""hob""]",classification,stove,stove,,,,True
5d4be76ecf0b3a0f3f3456e8,5d4be76ecf0b3a0f3f3456e8.jpg,stove,308.0,Q2,as,id,Indonesia,qwen,"[""stove"", ""oven"", ""cooker"", ""cooktop"", ""hob""]",captioning,The main household object in the image is an old-fashioned electric stove with a frying pan and a red pot on it.,,,,,True
5d4be15bcf0b3a0f3f33aee7,5d4be15bcf0b3a0f3f33aee7.JPG,stove,368.0,Q2,am,br,Brazil,qwen,"[""stove"", ""oven"", ""cooker"", ""cooktop"", ""hob""]",classification,stove,stove,,,,True
5d4be15bcf0b3a0f3f33aee7,5d4be15bcf0b3a0f3f33aee7.JPG,stove,368.0,Q2,am,br,Brazil,qwen,"[""stove"", ""oven"", ""cooker"", ""cooktop"", ""hob""]",captioning,The main household object is a small gas stove with an oven below it.,,,,,True
5d4bed05cf0b3a0f3f34edce,5d4bed05cf0b3a0f3f34edce.jpg,stove,265.5253567,Q2,as,vn,Vietnam,qwen,"[""stove"", ""oven"", ""cooker"", ""cooktop"", ""hob""]",classification,stove,stove,,,,True
5d4bed05cf0b3a0f3f34edce,5d4bed05cf0b3a0f3f34edce.jpg,stove,265.5253567,Q2,as,vn,Vietnam,qwen,"[""stove"", ""oven"", ""cooker"", ""cooktop"", ""hob""]",captioning,"The main household object is a small, portable gas stove with a single burner and a green base.",,,,,True
5d4be672cf0b3a0f3f343b13,5d4be672cf0b3a0f3f343b13.jpg,stove,1050.70879,Q3,af,tz,Tanzania,qwen,"[""stove"", ""oven"", ""cooker"", ""cooktop"", ""hob""]",classification,stove,stove,,,,True
5d4be672cf0b3a0f3f343b13,5d4be672cf0b3a0f3f343b13.jpg,stove,1050.70879,Q3,af,tz,Tanzania,qwen,"[""stove"", ""oven"", ""cooker"", ""cooktop"", ""hob""]",captioning,The main household object is an electric oven with a pot on top.,,,,,True
5ec4fb73f0611d7ddd742836,5ec4fb73f0611d7ddd742836.jpg,stove,1392.0,Q3,am,co,Colombia,qwen,"[""stove"", ""oven"", ""cooker"", ""cooktop"", ""hob""]",classification,stove,stove,,,,True
5ec4fb73f0611d7ddd742836,5ec4fb73f0611d7ddd742836.jpg,stove,1392.0,Q3,am,co,Colombia,qwen,"[""stove"", ""oven"", ""cooker"", ""cooktop"", ""hob""]",captioning,The main household object in this image is a Whirlpool microwave oven.,,,,,True
5d4bef4dcf0b3a0f3f352fe2,5d4bef4dcf0b3a0f3f352fe2.jpg,stove,1747.0,Q3,as,np,Nepal,qwen,"[""stove"", ""oven"", ""cooker"", ""cooktop"", ""hob""]",classification,stove,stove,,,,True
5d4bef4dcf0b3a0f3f352fe2,5d4bef4dcf0b3a0f3f352fe2.jpg,stove,1747.0,Q3,as,np,Nepal,qwen,"[""stove"", ""oven"", ""cooker"", ""cooktop"", ""hob""]",captioning,The main household object is a gas stove with four burners.,,,,,True
5d4be22ecf0b3a0f3f33c475,5d4be22ecf0b3a0f3f33c475.JPG,stove,1610.0,Q3,af,eg,Egypt,qwen,"[""stove"", ""oven"", ""cooker"", ""cooktop"", ""hob""]",classification,stove,stove,,,,True
5d4be22ecf0b3a0f3f33c475,5d4be22ecf0b3a0f3f33c475.JPG,stove,1610.0,Q3,af,eg,Egypt,qwen,"[""stove"", ""oven"", ""cooker"", ""cooktop"", ""hob""]",captioning,The main household object is a gas stove with two burners.,,,,,True
5d4bde4dcf0b3a0f3f335e21,5d4bde4dcf0b3a0f3f335e21.jpg,stove,898.0,Q3,am,us,United States,qwen,"[""stove"", ""oven"", ""cooker"", ""cooktop"", ""hob""]",classification,stove,stove,,,,True
5d4bde4dcf0b3a0f3f335e21,5d4bde4dcf0b3a0f3f335e21.jpg,stove,898.0,Q3,am,us,United States,qwen,"[""stove"", ""oven"", ""cooker"", ""cooktop"", ""hob""]",captioning,A gas stove with a pot on it.,,,,,True
5d4be0fecf0b3a0f3f33a415,5d4be0fecf0b3a0f3f33a415.jpeg,stove,1295.0,Q3,as,in,India,qwen,"[""stove"", ""oven"", ""cooker"", ""cooktop"", ""hob""]",classification,stove,stove,,,,True
5d4be0fecf0b3a0f3f33a415,5d4be0fecf0b3a0f3f33a415.jpeg,stove,1295.0,Q3,as,in,India,qwen,"[""stove"", ""oven"", ""cooker"", ""cooktop"", ""hob""]",captioning,The main household object in this image is a gas stove with three burners and control knobs.,,,,,True
5ec4fb02f0611d7ddd742487,5ec4fb02f0611d7ddd742487.jpg,stove,1482.0,Q3,am,co,Colombia,qwen,"[""stove"", ""oven"", ""cooker"", ""cooktop"", ""hob""]",classification,stove,stove,,,,True
5ec4fb02f0611d7ddd742487,5ec4fb02f0611d7ddd742487.jpg,stove,1482.0,Q3,am,co,Colombia,qwen,"[""stove"", ""oven"", ""cooker"", ""cooktop"", ""hob""]",captioning,The main household object is a gas stove with four burners.,,,,,True
5d4befa8cf0b3a0f3f353974,5d4befa8cf0b3a0f3f353974.jpg,stove,6342.0,Q4,am,mx,Mexico,qwen,"[""stove"", ""oven"", ""cooker"", ""cooktop"", ""hob""]",classification,stove,stove,,,,True
5d4befa8cf0b3a0f3f353974,5d4befa8cf0b3a0f3f353974.jpg,stove,6342.0,Q4,am,mx,Mexico,qwen,"[""stove"", ""oven"", ""cooker"", ""cooktop"", ""hob""]",captioning,The main household object in this image is an open oven with a blue exterior and metal racks inside.,,,,,True
5d4be106cf0b3a0f3f33a4fb,5d4be106cf0b3a0f3f33a4fb.JPG,stove,3611.0,Q4,as,in,India,qwen,"[""stove"", ""oven"", ""cooker"", ""cooktop"", ""hob""]",classification,stove,stove,,,,True
5d4be106cf0b3a0f3f33a4fb,5d4be106cf0b3a0f3f33a4fb.JPG,stove,3611.0,Q4,as,in,India,qwen,"[""stove"", ""oven"", ""cooker"", ""cooktop"", ""hob""]",captioning,The main household object in the image is a gas stove with blue flames.,,,,,True
5ec4f5caf4a4fb7dc0387a0c,5ec4f5caf4a4fb7dc0387a0c.jpg,stove,2642.0,Q4,eu,ru,Russia,qwen,"[""stove"", ""oven"", ""cooker"", ""cooktop"", ""hob""]",classification,stove,stove,,,,True
5ec4f5caf4a4fb7dc0387a0c,5ec4f5caf4a4fb7dc0387a0c.jpg,stove,2642.0,Q4,eu,ru,Russia,qwen,"[""stove"", ""oven"", ""cooker"", ""cooktop"", ""hob""]",captioning,The main household object in the image is a black oven with control knobs and a blue sponge holder attached to it.,,,,,True
5d4be048cf0b3a0f3f338f18,5d4be048cf0b3a0f3f338f18.jpg,stove,4559.0,Q4,am,us,United States,qwen,"[""stove"", ""oven"", ""cooker"", ""cooktop"", ""hob""]",classification,stove,stove,,,,True
5d4be048cf0b3a0f3f338f18,5d4be048cf0b3a0f3f338f18.jpg,stove,4559.0,Q4,am,us,United States,qwen,"[""stove"", ""oven"", ""cooker"", ""cooktop"", ""hob""]",captioning,The main household object is a white gas stove with four burners and an oven below.,,,,,True
5ec4f948f0611d7ddd741601,5ec4f948f0611d7ddd741601.JPG,stove,5795.0,Q4,as,in,India,qwen,"[""stove"", ""oven"", ""cooker"", ""cooktop"", ""hob""]",classification,stove,stove,,,,True
5ec4f948f0611d7ddd741601,5ec4f948f0611d7ddd741601.JPG,stove,5795.0,Q4,as,in,India,qwen,"[""stove"", ""oven"", ""cooker"", ""cooktop"", ""hob""]",captioning,The main household object in the image is a black gas stove with two burners.,,,,,True
5d4be0ddcf0b3a0f3f33a03d,5d4be0ddcf0b3a0f3f33a03d.JPG,stove,2370.0,Q4,eu,nl,Netherlands,qwen,"[""stove"", ""oven"", ""cooker"", ""cooktop"", ""hob""]",classification,stove,stove,,,,True
5d4be0ddcf0b3a0f3f33a03d,5d4be0ddcf0b3a0f3f33a03d.JPG,stove,2370.0,Q4,eu,nl,Netherlands,qwen,"[""stove"", ""oven"", ""cooker"", ""cooktop"", ""hob""]",captioning,The main household object in this image is an electric cooktop with a stainless steel pot on it.,,,,,True
5d4be1bbcf0b3a0f3f33b8c9,5d4be1bbcf0b3a0f3f33b8c9.jpg,stove,3356.0,Q4,am,br,Brazil,qwen,"[""stove"", ""oven"", ""cooker"", ""cooktop"", ""hob""]",classification,stove,stove,,,,True
5d4be1bbcf0b3a0f3f33b8c9,5d4be1bbcf0b3a0f3f33b8c9.jpg,stove,3356.0,Q4,am,br,Brazil,qwen,"[""stove"", ""oven"", ""cooker"", ""cooktop"", ""hob""]",captioning,The main household object is an Electrolux oven with a glass door and metal racks inside.,,,,,True
5d4beee5cf0b3a0f3f3523d2,5d4beee5cf0b3a0f3f3523d2.jpg,trash container,67.67970667,Q1,af,ng,Nigeria,qwen,"[""trash can"", ""garbage can"", ""garbage bin"", ""waste bin"", ""dustbin"", ""dumpster""]",classification,trash container,trash container,,,,True
5d4beee5cf0b3a0f3f3523d2,5d4beee5cf0b3a0f3f3523d2.jpg,trash container,67.67970667,Q1,af,ng,Nigeria,qwen,"[""trash can"", ""garbage can"", ""garbage bin"", ""waste bin"", ""dustbin"", ""dumpster""]",captioning,The main household object in this image is a white bird standing on the ground near a pile of trash.,,,,,False
5d4bf27dcf0b3a0f3f358554,5d4bf27dcf0b3a0f3f358554.jpg,trash container,144.688254,Q1,am,co,Colombia,qwen,"[""trash can"", ""garbage can"", ""garbage bin"", ""waste bin"", ""dustbin"", ""dumpster""]",classification,trash container,trash container,,,,True
5d4bf27dcf0b3a0f3f358554,5d4bf27dcf0b3a0f3f358554.jpg,trash container,144.688254,Q1,am,co,Colombia,qwen,"[""trash can"", ""garbage can"", ""garbage bin"", ""waste bin"", ""dustbin"", ""dumpster""]",captioning,The main household object is a wooden crate filled with various vegetables and plants.,,,,,False
5d4beeb5cf0b3a0f3f351e3c,5d4beeb5cf0b3a0f3f351e3c.jpg,trash container,195.4533587,Q1,as,ph,Philippines,qwen,"[""trash can"", ""garbage can"", ""garbage bin"", ""waste bin"", ""dustbin"", ""dumpster""]",classification,trash container,trash container,,,,True
5d4beeb5cf0b3a0f3f351e3c,5d4beeb5cf0b3a0f3f351e3c.jpg,trash container,195.4533587,Q1,as,ph,Philippines,qwen,"[""trash can"", ""garbage can"", ""garbage bin"", ""waste bin"", ""dustbin"", ""dumpster""]",captioning,The main household object is a green plastic trash can with a lid.,,,,,True
5d4bf349cf0b3a0f3f359cee,5d4bf349cf0b3a0f3f359cee.jpg,trash container,40.19755831,Q1,af,bi,Burundi,qwen,"[""trash can"", ""garbage can"", ""garbage bin"", ""waste bin"", ""dustbin"", ""dumpster""]",classification,trash container,trash container,,,,True
5d4bf349cf0b3a0f3f359cee,5d4bf349cf0b3a0f3f359cee.jpg,trash container,40.19755831,Q1,af,bi,Burundi,qwen,"[""trash can"", ""garbage can"", ""garbage bin"", ""waste bin"", ""dustbin"", ""dumpster""]",captioning,The main household object in the image is a blue plastic container with a pink lid.,,,,,False
5d4be7b6cf0b3a0f3f345f1c,5d4be7b6cf0b3a0f3f345f1c.jpg,trash container,65.20651387,Q1,as,bd,Bangladesh,qwen,"[""trash can"", ""garbage can"", ""garbage bin"", ""waste bin"", ""dustbin"", ""dumpster""]",classification,trash container,trash container,,,,True
5d4be7b6cf0b3a0f3f345f1c,5d4be7b6cf0b3a0f3f345f1c.jpg,trash container,65.20651387,Q1,as,bd,Bangladesh,qwen,"[""trash can"", ""garbage can"", ""garbage bin"", ""waste bin"", ""dustbin"", ""dumpster""]",captioning,The main household object in the image is a used syringe lying on the ground among other debris.,,,,,False
5d4be1c8cf0b3a0f3f33b9cf,5d4be1c8cf0b3a0f3f33b9cf.JPG,trash container,82.0,Q1,af,ke,Kenya,qwen,"[""trash can"", ""garbage can"", ""garbage bin"", ""waste bin"", ""dustbin"", ""dumpster""]",classification,trash container,trash container,,,,True
5d4be1c8cf0b3a0f3f33b9cf,5d4be1c8cf0b3a0f3f33b9cf.JPG,trash container,82.0,Q1,af,ke,Kenya,qwen,"[""trash can"", ""garbage can"", ""garbage bin"", ""waste bin"", ""dustbin"", ""dumpster""]",captioning,"The main household object in the image is a pile of composted organic waste, including leaves, twigs, and possibly some clothing.",,,,,False
5d4be7afcf0b3a0f3f345e48,5d4be7afcf0b3a0f3f345e48.jpg,trash container,72.10457258,Q1,as,bd,Bangladesh,qwen,"[""trash can"", ""garbage can"", ""garbage bin"", ""waste bin"", ""dustbin"", ""dumpster""]",classification,trash container,trash container,,,,True
5d4be7afcf0b3a0f3f345e48,5d4be7afcf0b3a0f3f345e48.jpg,trash container,72.10457258,Q1,as,bd,Bangladesh,qwen,"[""trash can"", ""garbage can"", ""garbage bin"", ""waste bin"", ""dustbin"", ""dumpster""]",captioning,The main household object in the image is a broken red plastic bucket with a concrete base.,,,,,False
5d4bdf69cf0b3a0f3f337997,5d4bdf69cf0b3a0f3f337997.jpg,trash container,228.0,Q2,af,tz,Tanzania,qwen,"[""trash can"", ""garbage can"", ""garbage bin"", ""waste bin"", ""dustbin"", ""dumpster""]",classification,trash container,trash container,,,,True
5d4bdf69cf0b3a0f3f337997,5d4bdf69cf0b3a0f3f337997.jpg,trash container,228.0,Q2,af,tz,Tanzania,qwen,"[""trash can"", ""garbage can"", ""garbage bin"", ""waste bin"", ""dustbin"", ""dumpster""]",captioning,The main household object is a red Coca-Cola crate with several empty bottles inside and a white plastic basket on top.,,,,,False
5ec4fb83f0611d7ddd7428c0,5ec4fb83f0611d7ddd7428c0.jpg,trash container,261.0,Q2,am,co,Colombia,qwen,"[""trash can"", ""garbage can"", ""garbage bin"", ""waste bin"", ""dustbin"", ""dumpster""]",classification,trash container,trash container,,,,True
5ec4fb83f0611d7ddd7428c0,5ec4fb83f0611d7ddd7428c0.jpg,trash container,261.0,Q2,am,co,Colombia,qwen,"[""trash can"", ""garbage can"", ""garbage bin"", ""waste bin"", ""dustbin"", ""dumpster""]",captioning,The main household object in the image is a black plastic bag.,,,,,False
5d4becffcf0b3a0f3f34ed6c,5d4becffcf0b3a0f3f34ed6c.jpg,trash container,265.5253567,Q2,as,vn,Vietnam,qwen,"[""trash can"", ""garbage can"", ""garbage bin"", ""waste bin"", ""dustbin"", ""dumpster""]",classification,trash container,trash container,,,,True
5d4becffcf0b3a0f3f34ed6c,5d4becffcf0b3a0f3f34ed6c.jpg,trash container,265.5253567,Q2,as,vn,Vietnam,qwen,"[""trash can"", ""garbage can"", ""garbage bin"", ""waste bin"", ""dustbin"", ""dumpster""]",captioning,The main household object is a green plastic trash can with a yellow bag inside.,,,,,True
5d4bee51cf0b3a0f3f3512b8,5d4bee51cf0b3a0f3f3512b8.jpg,trash container,460.0,Q2,af,rw,Rwanda,qwen,"[""trash can"", ""garbage can"", ""garbage bin"", ""waste bin"", ""dustbin"", ""dumpster""]",classification,trash container,trash container,,,,True
5d4bee51cf0b3a0f3f3512b8,5d4bee51cf0b3a0f3f3512b8.jpg,trash container,460.0,Q2,af,rw,Rwanda,qwen,"[""trash can"", ""garbage can"", ""garbage bin"", ""waste bin"", ""dustbin"", ""dumpster""]",captioning,The main household object in this image is a compost pile.,,,,,False
5d4bf3e7cf0b3a0f3f35abe2,5d4bf3e7cf0b3a0f3f35abe2.jpg,trash container,264.9009279,Q2,am,bo,Bolivia,qwen,"[""trash can"", ""garbage can"", ""garbage bin"", ""waste bin"", ""dustbin"", ""dumpster""]",classification,trash container,trash container,,,,True
5d4bf3e7cf0b3a0f3f35abe2,5d4bf3e7cf0b3a0f3f35abe2.jpg,trash container,264.9009279,Q2,am,bo,Bolivia,qwen,"[""trash can"", ""garbage can"", ""garbage bin"", ""waste bin"", ""dustbin"", ""dumpster""]",captioning,The main household object in the image is a blue plastic bottle.,,,,,False
5d4be76ecf0b3a0f3f3456d4,5d4be76ecf0b3a0f3f3456d4.jpg,trash container,308.0,Q2,as,id,Indonesia,qwen,"[""trash can"", ""garbage can"", ""garbage bin"", ""waste bin"", ""dustbin"", ""dumpster""]",classification,trash container,trash container,,,,True
5d4be76ecf0b3a0f3f3456d4,5d4be76ecf0b3a0f3f3456d4.jpg,trash container,308.0,Q2,as,id,Indonesia,qwen,"[""trash can"", ""garbage can"", ""garbage bin"", ""waste bin"", ""dustbin"", ""dumpster""]",captioning,The main household object is a plastic bag with a colorful label.,,,,,False
5d4bf191cf0b3a0f3f356bb4,5d4bf191cf0b3a0f3f356bb4.jpg,trash container,245.2917235,Q2,as,in,India,qwen,"[""trash can"", ""garbage can"", ""garbage bin"", ""waste bin"", ""dustbin"", ""dumpster""]",classification,trash container,trash container,,,,True
5d4bf191cf0b3a0f3f356bb4,5d4bf191cf0b3a0f3f356bb4.jpg,trash container,245.2917235,Q2,as,in,India,qwen,"[""trash can"", ""garbage can"", ""garbage bin"", ""waste bin"", ""dustbin"", ""dumpster""]",captioning,The main household object in the image is a banana leaf.,,,,,False
5ec4f9e1f0611d7ddd741b27,5ec4f9e1f0611d7ddd741b27.JPG,trash container,719.0,Q3,af,et,Ethiopia,qwen,"[""trash can"", ""garbage can"", ""garbage bin"", ""waste bin"", ""dustbin"", ""dumpster""]",classification,trash container,trash container,,,,True
5ec4f9e1f0611d7ddd741b27,5ec4f9e1f0611d7ddd741b27.JPG,trash container,719.0,Q3,af,et,Ethiopia,qwen,"[""trash can"", ""garbage can"", ""garbage bin"", ""waste bin"", ""dustbin"", ""dumpster""]",captioning,The main household object is a woven bamboo wall.,,,,,False
5d4bef87cf0b3a0f3f3536b6,5d4bef87cf0b3a0f3f3536b6.jpg,trash container,1080.0,Q3,am,mx,Mexico,qwen,"[""trash can"", ""garbage can"", ""garbage bin"", ""waste bin"", ""dustbin"", ""dumpster""]",classification,trash container,trash container,,,,True
5d4bef87cf0b3a0f3f3536b6,5d4bef87cf0b3a0f3f3536b6.jpg,trash container,1080.0,Q3,am,mx,Mexico,qwen,"[""trash can"", ""garbage can"", ""garbage bin"", ""waste bin"", ""dustbin"", ""dumpster""]",captioning,The main household object is a green plastic trash can with a white lid and a red handle.,,,,,True
5d4bdfefcf0b3a0f3f33871e,5d4bdfefcf0b3a0f3f33871e.jpg,trash container,1308.0,Q3,as,pk,Pakistan,qwen,"[""trash can"", ""garbage can"", ""garbage bin"", ""waste bin"", ""dustbin"", ""dumpster""]",classification,trash container,trash container,,,,True
5d4bdfefcf0b3a0f3f33871e,5d4bdfefcf0b3a0f3f33871e.jpg,trash container,1308.0,Q3,as,pk,Pakistan,qwen,"[""trash can"", ""garbage can"", ""garbage bin"", ""waste bin"", ""dustbin"", ""dumpster""]",captioning,The main household object in the image is a white plastic bag with some markings on it.,,,,,False
5d4bdf79cf0b3a0f3f337b57,5d4bdf79cf0b3a0f3f337b57.jpg,trash container,1193.0,Q3,eu,rs,Serbia,qwen,"[""trash can"", ""garbage can"", ""garbage bin"", ""waste bin"", ""dustbin"", ""dumpster""]",classification,trash container,trash container,,,,True
5d4bdf79cf0b3a0f3f337b57,5d4bdf79cf0b3a0f3f337b57.jpg,trash container,1193.0,Q3,eu,rs,Serbia,qwen,"[""trash can"", ""garbage can"", ""garbage bin"", ""waste bin"", ""dustbin"", ""dumpster""]",captioning,The main household object is a trash can filled with various food waste and plastic bags.,,,,,True
5d4bf40ecf0b3a0f3f35afd2,5d4bf40ecf0b3a0f3f35afd2.jpg,trash container,780.9956673,Q3,as,cn,China,qwen,"[""trash can"", ""garbage can"", ""garbage bin"", ""waste bin"", ""dustbin"", ""dumpster""]",classification,trash container,trash container,,,,True
5d4bf40ecf0b3a0f3f35afd2,5d4bf40ecf0b3a0f3f35afd2.jpg,trash container,780.9956673,Q3,as,cn,China,qwen,"[""trash can"", ""garbage can"", ""garbage bin"", ""waste bin"", ""dustbin"", ""dumpster""]",captioning,A yellow plastic bag is tied around a metal trash can.,,,,,True
5d4be956cf0b3a0f3f3486e4,5d4be956cf0b3a0f3f3486e4.jpg,trash container,694.0,Q3,eu,ua,Ukraine,qwen,"[""trash can"", ""garbage can"", ""garbage bin"", ""waste bin"", ""dustbin"", ""dumpster""]",classification,trash container,trash container,,,,True
5d4be956cf0b3a0f3f3486e4,5d4be956cf0b3a0f3f3486e4.jpg,trash container,694.0,Q3,eu,ua,Ukraine,qwen,"[""trash can"", ""garbage can"", ""garbage bin"", ""waste bin"", ""dustbin"", ""dumpster""]",captioning,"The main household object in the image is a green and black garbage bin with a white label reading ""REMONDIS.""",,,,,True
5d4bf18bcf0b3a0f3f356b06,5d4bf18bcf0b3a0f3f356b06.jpg,trash container,724.0,Q3,as,in,India,qwen,"[""trash can"", ""garbage can"", ""garbage bin"", ""waste bin"", ""dustbin"", ""dumpster""]",classification,trash container,trash container,,,,True
5d4bf18bcf0b3a0f3f356b06,5d4bf18bcf0b3a0f3f356b06.jpg,trash container,724.0,Q3,as,in,India,qwen,"[""trash can"", ""garbage can"", ""garbage bin"", ""waste bin"", ""dustbin"", ""dumpster""]",captioning,A trash can with a plastic bag inside.,,,,,True
5ec4fa3cf0611d7ddd741e2c,5ec4fa3cf0611d7ddd741e2c.JPG,trash container,6316.0,Q4,af,et,Ethiopia,qwen,"[""trash can"", ""garbage can"", ""garbage bin"", ""waste bin"", ""dustbin"", ""dumpster""]",classification,trash container,trash container,,,,True
5ec4fa3cf0611d7ddd741e2c,5ec4fa3cf0611d7ddd741e2c.JPG,trash container,6316.0,Q4,af,et,Ethiopia,qwen,"[""trash can"", ""garbage can"", ""garbage bin"", ""waste bin"", ""dustbin"", ""dumpster""]",captioning,The main household object in the image is a blue plastic trash can with a purple lid.,,,,,True
5ec4f845f0611d7ddd740d5c,5ec4f845f0611d7ddd740d5c.JPG,trash container,5125.0,Q4,am,us,United States,qwen,"[""trash can"", ""garbage can"", ""garbage bin"", ""waste bin"", ""dustbin"", ""dumpster""]",classification,trash container,trash container,,,,True
5ec4f845f0611d7ddd740d5c,5ec4f845f0611d7ddd740d5c.JPG,trash container,5125.0,Q4,am,us,United States,qwen,"[""trash can"", ""garbage can"", ""garbage bin"", ""waste bin"", ""dustbin"", ""dumpster""]",captioning,A stainless steel trash can is sitting on a wooden floor.,,,,,True
5d4be134cf0b3a0f3f33aa59,5d4be134cf0b3a0f3f33aa59.jpg,trash container,4621.0,Q4,as,in,India,qwen,"[""trash can"", ""garbage can"", ""garbage bin"", ""waste bin"", ""dustbin"", ""dumpster""]",classification,trash container,trash container,,,,True
5d4be134cf0b3a0f3f33aa59,5d4be134cf0b3a0f3f33aa59.jpg,trash container,4621.0,Q4,as,in,India,qwen,"[""trash can"", ""garbage can"", ""garbage bin"", ""waste bin"", ""dustbin"", ""dumpster""]",captioning,The main household object is a metal trash can with perforated sides.,,,,,True
5d4be8dccf0b3a0f3f3478b6,5d4be8dccf0b3a0f3f3478b6.jpg,trash container,3363.3971,Q4,eu,ua,Ukraine,qwen,"[""trash can"", ""garbage can"", ""garbage bin"", ""waste bin"", ""dustbin"", ""dumpster""]",classification,trash container,trash container,,,,True
5d4be8dccf0b3a0f3f3478b6,5d4be8dccf0b3a0f3f3478b6.jpg,trash container,3363.3971,Q4,eu,ua,Ukraine,qwen,"[""trash can"", ""garbage can"", ""garbage bin"", ""waste bin"", ""dustbin"", ""dumpster""]",captioning,The main household object in the image is a blue plastic trash can filled with various items.,,,,,True
5d4befa5cf0b3a0f3f353924,5d4befa5cf0b3a0f3f353924.jpg,trash container,6342.0,Q4,am,mx,Mexico,qwen,"[""trash can"", ""garbage can"", ""garbage bin"", ""waste bin"", ""dustbin"", ""dumpster""]",classification,trash container,trash container,,,,True
5d4befa5cf0b3a0f3f353924,5d4befa5cf0b3a0f3f353924.jpg,trash container,6342.0,Q4,am,mx,Mexico,qwen,"[""trash can"", ""garbage can"", ""garbage bin"", ""waste bin"", ""dustbin"", ""dumpster""]",captioning,The main household object is a black trash can with a white plastic bag inside.,,,,,True
5d4be0becf0b3a0f3f339caf,5d4be0becf0b3a0f3f339caf.jpg,trash container,2340.0,Q4,as,in,India,qwen,"[""trash can"", ""garbage can"", ""garbage bin"", ""waste bin"", ""dustbin"", ""dumpster""]",classification,trash container,trash container,,,,True
5d4be0becf0b3a0f3f339caf,5d4be0becf0b3a0f3f339caf.jpg,trash container,2340.0,Q4,as,in,India,qwen,"[""trash can"", ""garbage can"", ""garbage bin"", ""waste bin"", ""dustbin"", ""dumpster""]",captioning,The main household object in the image is an open trash can with a black plastic bag inside containing various items.,,,,,True
5ec4f5c4f4a4fb7dc03879d4,5ec4f5c4f4a4fb7dc03879d4.jpg,trash container,2642.0,Q4,eu,ru,Russia,qwen,"[""trash can"", ""garbage can"", ""garbage bin"", ""waste bin"", ""dustbin"", ""dumpster""]",classification,trash container,trash container,,,,True
5ec4f5c4f4a4fb7dc03879d4,5ec4f5c4f4a4fb7dc03879d4.jpg,trash container,2642.0,Q4,eu,ru,Russia,qwen,"[""trash can"", ""garbage can"", ""garbage bin"", ""waste bin"", ""dustbin"", ""dumpster""]",captioning,The main household object in the image is a yellow trash can with a plastic bag inside.,,,,,True
5d4bed80cf0b3a0f3f34fbb2,5d4bed80cf0b3a0f3f34fbb2.jpg,switch,116.4314704,Q1,af,tn,Tunisia,qwen,"[""switch"", ""light switch"", ""power switch""]",classification,switch,switch,,,,True
5d4bed80cf0b3a0f3f34fbb2,5d4bed80cf0b3a0f3f34fbb2.jpg,switch,116.4314704,Q1,af,tn,Tunisia,qwen,"[""switch"", ""light switch"", ""power switch""]",captioning,"The main household object in the image is an old, worn-out electrical outlet with a broken cover and visible wiring.",,,,,False
5d4bf260cf0b3a0f3f3582cc,5d4bf260cf0b3a0f3f3582cc.jpg,switch,144.688254,Q1,am,co,Colombia,qwen,"[""switch"", ""light switch"", ""power switch""]",classification,light source,light source,,,,False
5d4bf260cf0b3a0f3f3582cc,5d4bf260cf0b3a0f3f3582cc.jpg,switch,144.688254,Q1,am,co,Colombia,qwen,"[""switch"", ""light switch"", ""power switch""]",captioning,The main household object in the image is an old-fashioned electrical plug with a white plastic body and two prongs.,,,,,False
5d4beab2cf0b3a0f3f34aea4,5d4beab2cf0b3a0f3f34aea4.jpg,switch,170.0,Q1,as,in,India,qwen,"[""switch"", ""light switch"", ""power switch""]",classification,switch,switch,,,,True
5d4beab2cf0b3a0f3f34aea4,5d4beab2cf0b3a0f3f34aea4.jpg,switch,170.0,Q1,as,in,India,qwen,"[""switch"", ""light switch"", ""power switch""]",captioning,The main household object in the image is an electrical panel with multiple switches and a red light indicator.,,,,,False
5d4bec7acf0b3a0f3f34dfca,5d4bec7acf0b3a0f3f34dfca.jpg,switch,124.9655714,Q1,as,bd,Bangladesh,qwen,"[""switch"", ""light switch"", ""power switch""]",classification,switch,switch,,,,True
5d4bec7acf0b3a0f3f34dfca,5d4bec7acf0b3a0f3f34dfca.jpg,switch,124.9655714,Q1,as,bd,Bangladesh,qwen,"[""switch"", ""light switch"", ""power switch""]",captioning,"The main household object in the image is an old, beige electrical switch panel with three toggle switches and several screws securing it to a metal surface.",,,,,True
5d4bf151cf0b3a0f3f356556,5d4bf151cf0b3a0f3f356556.jpg,switch,209.7449238,Q1,as,id,Indonesia,qwen,"[""switch"", ""light switch"", ""power switch""]",classification,switch,switch,,,,True
5d4bf151cf0b3a0f3f356556,5d4bf151cf0b3a0f3f356556.jpg,switch,209.7449238,Q1,as,id,Indonesia,qwen,"[""switch"", ""light switch"", ""power switch""]",captioning,"The main household object in the image is an old, worn-out light switch mounted on a concrete wall with exposed bricks.",,,,,True
5d4beecccf0b3a0f3f3520d2,5d4beecccf0b3a0f3f3520d2.jpg,switch,193.8785291,Q1,as,ph,Philippines,qwen,"[""switch"", ""light switch"", ""power switch""]",classification,switch,switch,,,,True
5d4beecccf0b3a0f3f3520d2,5d4beecccf0b3a0f3f3520d2.jpg,switch,193.8785291,Q1,as,ph,Philippines,qwen,"[""switch"", ""light switch"", ""power switch""]",captioning,The main household object is an old-fashioned light switch with a rectangular shape and a white color.,,,,,True
5ec4f81af0611d7ddd740be2,5ec4f81af0611d7ddd740be2.jpg,switch,172.0,Q1,as,np,Nepal,qwen,"[""switch"", ""light switch"", ""power switch""]",classification,switch,switch,,,,True
5ec4f81af0611d7ddd740be2,5ec4f81af0611d7ddd740be2.jpg,switch,172.0,Q1,as,np,Nepal,qwen,"[""switch"", ""light switch"", ""power switch""]",captioning,The main household object is an electrical outlet with wires connected to it.,,,,,False
5ec4f989f0611d7ddd74182b,5ec4f989f0611d7ddd74182b.jpg,switch,391.0,Q2,af,cm,Cameroon,qwen,"[""switch"", ""light switch"", ""power switch""]",classification,switch,switch,,,,True
5ec4f989f0611d7ddd74182b,5ec4f989f0611d7ddd74182b.jpg,switch,391.0,Q2,af,cm,Cameroon,qwen,"[""switch"", ""light switch"", ""power switch""]",captioning,The main household object in this image is a light switch with a beige cover and some wear and tear.,,,,,True
5ec4fb68f0611d7ddd7427d4,5ec4fb68f0611d7ddd7427d4.jpg,switch,409.0,Q2,am,co,Colombia,qwen,"[""switch"", ""light switch"", ""power switch""]",classification,switch,switch,,,,True
5ec4fb68f0611d7ddd7427d4,5ec4fb68f0611d7ddd7427d4.jpg,switch,409.0,Q2,am,co,Colombia,qwen,"[""switch"", ""light switch"", ""power switch""]",captioning,The main household object in the image is a white light switch mounted on a wall.,,,,,True
5d4bf185cf0b3a0f3f356a5e,5d4bf185cf0b3a0f3f356a5e.jpg,switch,465.5026805,Q2,as,in,India,qwen,"[""switch"", ""light switch"", ""power switch""]",classification,switch,switch,,,,True
5d4bf185cf0b3a0f3f356a5e,5d4bf185cf0b3a0f3f356a5e.jpg,switch,465.5026805,Q2,as,in,India,qwen,"[""switch"", ""light switch"", ""power switch""]",captioning,The main household object is an electrical panel with multiple switches and a red light indicator.,,,,,False
5d4be3ffcf0b3a0f3f33f4fa,5d4be3ffcf0b3a0f3f33f4fa.jpg,switch,227.0,Q2,af,cm,Cameroon,qwen,"[""switch"", ""light switch"", ""power switch""]",classification,switch,switch,,,,True
5d4be3ffcf0b3a0f3f33f4fa,5d4be3ffcf0b3a0f3f33f4fa.jpg,switch,227.0,Q2,af,cm,Cameroon,qwen,"[""switch"", ""light switch"", ""power switch""]",captioning,The main household object is a light switch on a wall.,,,,,True
5d4bdf17cf0b3a0f3f337195,5d4bdf17cf0b3a0f3f337195.JPG,switch,234.0,Q2,as,id,Indonesia,qwen,"[""switch"", ""light switch"", ""power switch""]",classification,switch,switch,,,,True
5d4bdf17cf0b3a0f3f337195,5d4bdf17cf0b3a0f3f337195.JPG,switch,234.0,Q2,as,id,Indonesia,qwen,"[""switch"", ""light switch"", ""power switch""]",captioning,The main household object in the image is a white electrical switch with two toggle buttons.,,,,,True
5d4bf168cf0b3a0f3f356784,5d4bf168cf0b3a0f3f356784.jpg,switch,399.0,Q2,as,id,Indonesia,qwen,"[""switch"", ""light switch"", ""power switch""]",classification,switch,switch,,,,True
5d4bf168cf0b3a0f3f356784,5d4bf168cf0b3a0f3f356784.jpg,switch,399.0,Q2,as,id,Indonesia,qwen,"[""switch"", ""light switch"", ""power switch""]",captioning,The main household object is an electrical outlet with a plug featuring a face design.,,,,,False
5f8c634fe894f07b8477dfbe,5f8c634fe894f07b8477dfbe.jpg,switch,304.0,Q2,as,pk,Pakistan,qwen,"[""switch"", ""light switch"", ""power switch""]",classification,light source,light source,,,,False
5f8c634fe894f07b8477dfbe,5f8c634fe894f07b8477dfbe.jpg,switch,304.0,Q2,as,pk,Pakistan,qwen,"[""switch"", ""light switch"", ""power switch""]",captioning,The main household object in the image is an electrical panel with various switches and a light bulb.,,,,,False
5d4bef89cf0b3a0f3f3536f2,5d4bef89cf0b3a0f3f3536f2.jpg,switch,1080.0,Q3,am,mx,Mexico,qwen,"[""switch"", ""light switch"", ""power switch""]",classification,switch,switch,,,,True
5d4bef89cf0b3a0f3f3536f2,5d4bef89cf0b3a0f3f3536f2.jpg,switch,1080.0,Q3,am,mx,Mexico,qwen,"[""switch"", ""light switch"", ""power switch""]",captioning,The main household object in the image is a white light switch with two rectangular buttons.,,,,,True
5d4bf28fcf0b3a0f3f358788,5d4bf28fcf0b3a0f3f358788.jpg,switch,694.218371,Q3,as,cn,China,qwen,"[""switch"", ""light switch"", ""power switch""]",classification,switch,switch,,,,True
5d4bf28fcf0b3a0f3f358788,5d4bf28fcf0b3a0f3f358788.jpg,switch,694.218371,Q3,as,cn,China,qwen,"[""switch"", ""light switch"", ""power switch""]",captioning,The main household object in the image is a light switch with some wear and tear on it.,,,,,True
5d4be02ecf0b3a0f3f338c56,5d4be02ecf0b3a0f3f338c56.JPG,switch,1260.0,Q3,eu,nl,Netherlands,qwen,"[""switch"", ""light switch"", ""power switch""]",classification,switch,switch,,,,True
5d4be02ecf0b3a0f3f338c56,5d4be02ecf0b3a0f3f338c56.JPG,switch,1260.0,Q3,eu,nl,Netherlands,qwen,"[""switch"", ""light switch"", ""power switch""]",captioning,The main household object in this image is a wall socket with two black circular buttons.,,,,,False
5fa325b3a4fd6154365dfcd4,5fa325b3a4fd6154365dfcd4.jpeg,switch,1025.0,Q3,am,co,Colombia,qwen,"[""switch"", ""light switch"", ""power switch""]",classification,switch,switch,,,,True
5fa325b3a4fd6154365dfcd4,5fa325b3a4fd6154365dfcd4.jpeg,switch,1025.0,Q3,am,co,Colombia,qwen,"[""switch"", ""light switch"", ""power switch""]",captioning,The main household object in the image is an electrical outlet with a matching switch above it.,,,,,True
5d4be2ffcf0b3a0f3f33d901,5d4be2ffcf0b3a0f3f33d901.jpg,switch,1125.0,Q3,as,in,India,qwen,"[""switch"", ""light switch"", ""power switch""]",classification,switch,switch,,,,True
5d4be2ffcf0b3a0f3f33d901,5d4be2ffcf0b3a0f3f33d901.jpg,switch,1125.0,Q3,as,in,India,qwen,"[""switch"", ""light switch"", ""power switch""]",captioning,The main household object is an electrical panel with multiple switches and outlets on an orange wall.,,,,,False
5d4be034cf0b3a0f3f338d08,5d4be034cf0b3a0f3f338d08.JPG,switch,1816.0,Q3,eu,nl,Netherlands,qwen,"[""switch"", ""light switch"", ""power switch""]",classification,switch,switch,,,,True
5d4be034cf0b3a0f3f338d08,5d4be034cf0b3a0f3f338d08.JPG,switch,1816.0,Q3,eu,nl,Netherlands,qwen,"[""switch"", ""light switch"", ""power switch""]",captioning,The main household object in the image is a white light switch with two circular buttons on a textured wall.,,,,,True
5ec4f86df0611d7ddd740eb5,5ec4f86df0611d7ddd740eb5.jpg,switch,1706.0,Q3,as,ir,Iran,qwen,"[""switch"", ""light switch"", ""power switch""]",classification,switch,switch,,,,True
5ec4f86df0611d7ddd740eb5,5ec4f86df0611d7ddd740eb5.jpg,switch,1706.0,Q3,as,ir,Iran,qwen,"[""switch"", ""light switch"", ""power switch""]",captioning,The main household object in this image is a light switch.,,,,,True
5d4be014cf0b3a0f3f338aa4,5d4be014cf0b3a0f3f338aa4.JPG,switch,3750.0,Q4,af,ng,Nigeria,qwen,"[""switch"", ""light switch"", ""power switch""]",classification,switch,switch,,,,True
5d4be014cf0b3a0f3f338aa4,5d4be014cf0b3a0f3f338aa4.JPG,switch,3750.0,Q4,af,ng,Nigeria,qwen,"[""switch"", ""light switch"", ""power switch""]",captioning,The main household object is a light switch and a water heater control panel on a wall.,,,,,True
5ec4f831f0611d7ddd740cab,5ec4f831f0611d7ddd740cab.JPG,switch,3478.0,Q4,am,us,United States,qwen,"[""switch"", ""light switch"", ""power switch""]",classification,switch,switch,,,,True
5ec4f831f0611d7ddd740cab,5ec4f831f0611d7ddd740cab.JPG,switch,3478.0,Q4,am,us,United States,qwen,"[""switch"", ""light switch"", ""power switch""]",captioning,The main household object is a light switch on a textured wall.,,,,,True
5d4be977cf0b3a0f3f348ac0,5d4be977cf0b3a0f3f348ac0.jpg,switch,7433.155246,Q4,as,jo,Jordan,qwen,"[""switch"", ""light switch"", ""power switch""]",classification,switch,switch,,,,True
5d4be977cf0b3a0f3f348ac0,5d4be977cf0b3a0f3f348ac0.jpg,switch,7433.155246,Q4,as,jo,Jordan,qwen,"[""switch"", ""light switch"", ""power switch""]",captioning,The main household object in the image is a light switch panel with three buttons.,,,,,True
5ec4fa5ff0611d7ddd741f24,5ec4fa5ff0611d7ddd741f24.jpg,switch,2900.0,Q4,eu,cz,Czech Republic,qwen,"[""switch"", ""light switch"", ""power switch""]",classification,switch,switch,,,,True
5ec4fa5ff0611d7ddd741f24,5ec4fa5ff0611d7ddd741f24.jpg,switch,2900.0,Q4,eu,cz,Czech Republic,qwen,"[""switch"", ""light switch"", ""power switch""]",captioning,The main household object in this image is a light switch with two buttons.,,,,,True
5ec4f60af4a4fb7dc0387c46,5ec4f60af4a4fb7dc0387c46.JPG,switch,6030.0,Q4,am,co,Colombia,qwen,"[""switch"", ""light switch"", ""power switch""]",classification,switch,switch,,,,True
5ec4f60af4a4fb7dc0387c46,5ec4f60af4a4fb7dc0387c46.JPG,switch,6030.0,Q4,am,co,Colombia,qwen,"[""switch"", ""light switch"", ""power switch""]",captioning,The main household object in the image is a light switch on a tiled wall.,,,,,True
5d4bef60cf0b3a0f3f353222,5d4bef60cf0b3a0f3f353222.jpg,switch,3829.191091,Q4,as,np,Nepal,qwen,"[""switch"", ""light switch"", ""power switch""]",classification,switch,switch,,,,True
5d4bef60cf0b3a0f3f353222,5d4bef60cf0b3a0f3f353222.jpg,switch,3829.191091,Q4,as,np,Nepal,qwen,"[""switch"", ""light switch"", ""power switch""]",captioning,The main household object is an electrical outlet with multiple switches and a power socket.,,,,,False
5ec4f919f0611d7ddd741478,5ec4f919f0611d7ddd741478.jpg,switch,4256.0,Q4,eu,es,Spain,qwen,"[""switch"", ""light switch"", ""power switch""]",classification,switch,switch,,,,True
5ec4f919f0611d7ddd741478,5ec4f919f0611d7ddd741478.jpg,switch,4256.0,Q4,eu,es,Spain,qwen,"[""switch"", ""light switch"", ""power switch""]",captioning,The main household object is a light switch on a tiled wall.,,,,,True
5d4bf08acf0b3a0f3f355178,5d4bf08acf0b3a0f3f355178.jpg,footwear,60.75268981,Q1,af,ci,Cote d'Ivoire,qwen,"[""shoe"", ""shoes"", ""sandal"", ""sandals"", ""slipper"", ""slippers"", ""sneaker"", ""sneakers"", ""boot"", ""boots"", ""footwear""]",classification,footwear,footwear,,,,True
5d4bf08acf0b3a0f3f355178,5d4bf08acf0b3a0f3f355178.jpg,footwear,60.75268981,Q1,af,ci,Cote d'Ivoire,qwen,"[""shoe"", ""shoes"", ""sandal"", ""sandals"", ""slipper"", ""slippers"", ""sneaker"", ""sneakers"", ""boot"", ""boots"", ""footwear""]",captioning,The main household object in the image is a pair of worn flip-flops with a floral design on the straps.,,,,,False
5d4bf24dcf0b3a0f3f3580a2,5d4bf24dcf0b3a0f3f3580a2.jpg,footwear,143.0,Q1,am,co,Colombia,qwen,"[""shoe"", ""shoes"", ""sandal"", ""sandals"", ""slipper"", ""slippers"", ""sneaker"", ""sneakers"", ""boot"", ""boots"", ""footwear""]",classification,footwear,footwear,,,,True
5d4bf24dcf0b3a0f3f3580a2,5d4bf24dcf0b3a0f3f3580a2.jpg,footwear,143.0,Q1,am,co,Colombia,qwen,"[""shoe"", ""shoes"", ""sandal"", ""sandals"", ""slipper"", ""slippers"", ""sneaker"", ""sneakers"", ""boot"", ""boots"", ""footwear""]",captioning,The main household object in the image is a pair of worn-out black shoes with visible dirt and wear marks.,,,,,True
5d4be78acf0b3a0f3f345a14,5d4be78acf0b3a0f3f345a14.jpg,footwear,131.3989924,Q1,as,id,Indonesia,qwen,"[""shoe"", ""shoes"", ""sandal"", ""sandals"", ""slipper"", ""slippers"", ""sneaker"", ""sneakers"", ""boot"", ""boots"", ""footwear""]",classification,footwear,footwear,,,,True
5d4be78acf0b3a0f3f345a14,5d4be78acf0b3a0f3f345a14.jpg,footwear,131.3989924,Q1,as,id,Indonesia,qwen,"[""shoe"", ""shoes"", ""sandal"", ""sandals"", ""slipper"", ""slippers"", ""sneaker"", ""sneakers"", ""boot"", ""boots"", ""footwear""]",captioning,The main household object in the image is a pair of red flip-flops with visible wear and tear on a concrete surface.,,,,,False
5d4becb3cf0b3a0f3f34e59a,5d4becb3cf0b3a0f3f34e59a.jpg,footwear,73.16914591,Q1,af,zw,Zimbabwe,qwen,"[""shoe"", ""shoes"", ""sandal"", ""sandals"", ""slipper"", ""slippers"", ""sneaker"", ""sneakers"", ""boot"", ""boots"", ""footwear""]",classification,footwear,footwear,,,,True
5d4becb3cf0b3a0f3f34e59a,5d4becb3cf0b3a0f3f34e59a.jpg,footwear,73.16914591,Q1,af,zw,Zimbabwe,qwen,"[""shoe"", ""shoes"", ""sandal"", ""sandals"", ""slipper"", ""slippers"", ""sneaker"", ""sneakers"", ""boot"", ""boots"", ""footwear""]",captioning,The main household object in the image is a pair of pink flip-flops with a cat design on the soles.,,,,,False
5d4bf2c2cf0b3a0f3f358d9c,5d4bf2c2cf0b3a0f3f358d9c.jpg,footwear,195.0,Q1,as,kh,Cambodia,qwen,"[""shoe"", ""shoes"", ""sandal"", ""sandals"", ""slipper"", ""slippers"", ""sneaker"", ""sneakers"", ""boot"", ""boots"", ""footwear""]",classification,footwear,footwear,,,,True
5d4bf2c2cf0b3a0f3f358d9c,5d4bf2c2cf0b3a0f3f358d9c.jpg,footwear,195.0,Q1,as,kh,Cambodia,qwen,"[""shoe"", ""shoes"", ""sandal"", ""sandals"", ""slipper"", ""slippers"", ""sneaker"", ""sneakers"", ""boot"", ""boots"", ""footwear""]",captioning,The main household object in the image is a pair of red Crocs and white flip-flops on a concrete surface with scattered debris.,,,,,False
5d4beee9cf0b3a0f3f352444,5d4beee9cf0b3a0f3f352444.jpg,footwear,67.67970667,Q1,af,ng,Nigeria,qwen,"[""shoe"", ""shoes"", ""sandal"", ""sandals"", ""slipper"", ""slippers"", ""sneaker"", ""sneakers"", ""boot"", ""boots"", ""footwear""]",classification,footwear,footwear,,,,True
5d4beee9cf0b3a0f3f352444,5d4beee9cf0b3a0f3f352444.jpg,footwear,67.67970667,Q1,af,ng,Nigeria,qwen,"[""shoe"", ""shoes"", ""sandal"", ""sandals"", ""slipper"", ""slippers"", ""sneaker"", ""sneakers"", ""boot"", ""boots"", ""footwear""]",captioning,The main household object in the image is a pair of flip-flops with colorful patterns.,,,,,False
5d4beebecf0b3a0f3f351f34,5d4beebecf0b3a0f3f351f34.jpg,footwear,97.63936288,Q1,as,ph,Philippines,qwen,"[""shoe"", ""shoes"", ""sandal"", ""sandals"", ""slipper"", ""slippers"", ""sneaker"", ""sneakers"", ""boot"", ""boots"", ""footwear""]",classification,footwear,footwear,,,,True
5d4beebecf0b3a0f3f351f34,5d4beebecf0b3a0f3f351f34.jpg,footwear,97.63936288,Q1,as,ph,Philippines,qwen,"[""shoe"", ""shoes"", ""sandal"", ""sandals"", ""slipper"", ""slippers"", ""sneaker"", ""sneakers"", ""boot"", ""boots"", ""footwear""]",captioning,The main household object in the image is a pair of flip-flops with colorful designs on them.,,,,,False
5d4bdf26cf0b3a0f3f337341,5d4bdf26cf0b3a0f3f337341.JPG,footwear,670.0,Q2,af,tg,Togo,qwen,"[""shoe"", ""shoes"", ""sandal"", ""sandals"", ""slipper"", ""slippers"", ""sneaker"", ""sneakers"", ""boot"", ""boots"", ""footwear""]",classification,footwear,footwear,,,,True
5d4bdf26cf0b3a0f3f337341,5d4bdf26cf0b3a0f3f337341.JPG,footwear,670.0,Q2,af,tg,Togo,qwen,"[""shoe"", ""shoes"", ""sandal"", ""sandals"", ""slipper"", ""slippers"", ""sneaker"", ""sneakers"", ""boot"", ""boots"", ""footwear""]",captioning,The main household object in the image is a pair of black sandals with orange accents.,,,,,True
5ec4fb80f0611d7ddd7428aa,5ec4fb80f0611d7ddd7428aa.jpg,footwear,261.0,Q2,am,co,Colombia,qwen,"[""shoe"", ""shoes"", ""sandal"", ""sandals"", ""slipper"", ""slippers"", ""sneaker"", ""sneakers"", ""boot"", ""boots"", ""footwear""]",classification,footwear,footwear,,,,True
5ec4fb80f0611d7ddd7428aa,5ec4fb80f0611d7ddd7428aa.jpg,footwear,261.0,Q2,am,co,Colombia,qwen,"[""shoe"", ""shoes"", ""sandal"", ""sandals"", ""slipper"", ""slippers"", ""sneaker"", ""sneakers"", ""boot"", ""boots"", ""footwear""]",captioning,A pair of white sandals with silver accents on a wooden floor.,,,,,True
5d4bf2d6cf0b3a0f3f358fea,5d4bf2d6cf0b3a0f3f358fea.jpg,footwear,463.1308192,Q2,as,kh,Cambodia,qwen,"[""shoe"", ""shoes"", ""sandal"", ""sandals"", ""slipper"", ""slippers"", ""sneaker"", ""sneakers"", ""boot"", ""boots"", ""footwear""]",classification,footwear,footwear,,,,True
5d4bf2d6cf0b3a0f3f358fea,5d4bf2d6cf0b3a0f3f358fea.jpg,footwear,463.1308192,Q2,as,kh,Cambodia,qwen,"[""shoe"", ""shoes"", ""sandal"", ""sandals"", ""slipper"", ""slippers"", ""sneaker"", ""sneakers"", ""boot"", ""boots"", ""footwear""]",captioning,The main household object in the image is a pair of worn-out blue slippers with visible wear and tear on the soles.,,,,,True
5d4bee44cf0b3a0f3f351150,5d4bee44cf0b3a0f3f351150.jpg,footwear,250.7905551,Q2,af,rw,Rwanda,qwen,"[""shoe"", ""shoes"", ""sandal"", ""sandals"", ""slipper"", ""slippers"", ""sneaker"", ""sneakers"", ""boot"", ""boots"", ""footwear""]",classification,footwear,footwear,,,,True
5d4bee44cf0b3a0f3f351150,5d4bee44cf0b3a0f3f351150.jpg,footwear,250.7905551,Q2,af,rw,Rwanda,qwen,"[""shoe"", ""shoes"", ""sandal"", ""sandals"", ""slipper"", ""slippers"", ""sneaker"", ""sneakers"", ""boot"", ""boots"", ""footwear""]",captioning,The main household object in the image is a pair of blue rubber boots and a single black slipper.,,,,,True
5ec4fb67f0611d7ddd7427d0,5ec4fb67f0611d7ddd7427d0.jpg,footwear,409.0,Q2,am,co,Colombia,qwen,"[""shoe"", ""shoes"", ""sandal"", ""sandals"", ""slipper"", ""slippers"", ""sneaker"", ""sneakers"", ""boot"", ""boots"", ""footwear""]",classification,footwear,footwear,,,,True
5ec4fb67f0611d7ddd7427d0,5ec4fb67f0611d7ddd7427d0.jpg,footwear,409.0,Q2,am,co,Colombia,qwen,"[""shoe"", ""shoes"", ""sandal"", ""sandals"", ""slipper"", ""slippers"", ""sneaker"", ""sneakers"", ""boot"", ""boots"", ""footwear""]",captioning,The main household object in this image is a shoe rack with multiple pairs of shoes on it.,,,,,True
5d4bed15cf0b3a0f3f34ef8a,5d4bed15cf0b3a0f3f34ef8a.jpg,footwear,245.9813854,Q2,as,vn,Vietnam,qwen,"[""shoe"", ""shoes"", ""sandal"", ""sandals"", ""slipper"", ""slippers"", ""sneaker"", ""sneakers"", ""boot"", ""boots"", ""footwear""]",classification,footwear,footwear,,,,True
5d4bed15cf0b3a0f3f34ef8a,5d4bed15cf0b3a0f3f34ef8a.jpg,footwear,245.9813854,Q2,as,vn,Vietnam,qwen,"[""shoe"", ""shoes"", ""sandal"", ""sandals"", ""slipper"", ""slippers"", ""sneaker"", ""sneakers"", ""boot"", ""boots"", ""footwear""]",captioning,The main household object in the image is a pair of yellow woven slippers on a cracked concrete surface.,,,,,True
5ec4fad3f0611d7ddd7422fa,5ec4fad3f0611d7ddd7422fa.jpg,footwear,375.0,Q2,af,gh,Ghana,qwen,"[""shoe"", ""shoes"", ""sandal"", ""sandals"", ""slipper"", ""slippers"", ""sneaker"", ""sneakers"", ""boot"", ""boots"", ""footwear""]",classification,footwear,footwear,,,,True
5ec4fad3f0611d7ddd7422fa,5ec4fad3f0611d7ddd7422fa.jpg,footwear,375.0,Q2,af,gh,Ghana,qwen,"[""shoe"", ""shoes"", ""sandal"", ""sandals"", ""slipper"", ""slippers"", ""sneaker"", ""sneakers"", ""boot"", ""boots"", ""footwear""]",captioning,The main household object in the image is a pair of flip-flops worn by a person standing on a sandy surface.,,,,,False
5d4be672cf0b3a0f3f343b09,5d4be672cf0b3a0f3f343b09.jpg,footwear,1050.70879,Q3,af,tz,Tanzania,qwen,"[""shoe"", ""shoes"", ""sandal"", ""sandals"", ""slipper"", ""slippers"", ""sneaker"", ""sneakers"", ""boot"", ""boots"", ""footwear""]",classification,footwear,footwear,,,,True
5d4be672cf0b3a0f3f343b09,5d4be672cf0b3a0f3f343b09.jpg,footwear,1050.70879,Q3,af,tz,Tanzania,qwen,"[""shoe"", ""shoes"", ""sandal"", ""sandals"", ""slipper"", ""slippers"", ""sneaker"", ""sneakers"", ""boot"", ""boots"", ""footwear""]",captioning,The main household object in the image is a pair of white sneakers with laces and a logo on the tongue.,,,,,True
5d4be09ccf0b3a0f3f3398bb,5d4be09ccf0b3a0f3f3398bb.JPG,footwear,1034.0,Q3,am,br,Brazil,qwen,"[""shoe"", ""shoes"", ""sandal"", ""sandals"", ""slipper"", ""slippers"", ""sneaker"", ""sneakers"", ""boot"", ""boots"", ""footwear""]",classification,footwear,footwear,,,,True
5d4be09ccf0b3a0f3f3398bb,5d4be09ccf0b3a0f3f3398bb.JPG,footwear,1034.0,Q3,am,br,Brazil,qwen,"[""shoe"", ""shoes"", ""sandal"", ""sandals"", ""slipper"", ""slippers"", ""sneaker"", ""sneakers"", ""boot"", ""boots"", ""footwear""]",captioning,The main household object in the image is a pair of black flip-flops placed on a green and white patterned rug.,,,,,False
5edfe79012a022abbc87ea5a,5edfe79012a022abbc87ea5a.jpg,footwear,1091.0,Q3,as,np,Nepal,qwen,"[""shoe"", ""shoes"", ""sandal"", ""sandals"", ""slipper"", ""slippers"", ""sneaker"", ""sneakers"", ""boot"", ""boots"", ""footwear""]",classification,footwear,footwear,,,,True
5edfe79012a022abbc87ea5a,5edfe79012a022abbc87ea5a.jpg,footwear,1091.0,Q3,as,np,Nepal,qwen,"[""shoe"", ""shoes"", ""sandal"", ""sandals"", ""slipper"", ""slippers"", ""sneaker"", ""sneakers"", ""boot"", ""boots"", ""footwear""]",captioning,The main household object is a broom with a wooden handle and straw bristles.,,,,,False
5d4be092cf0b3a0f3f3397a5,5d4be092cf0b3a0f3f3397a5.JPG,footwear,1728.0,Q3,eu,nl,Netherlands,qwen,"[""shoe"", ""shoes"", ""sandal"", ""sandals"", ""slipper"", ""slippers"", ""sneaker"", ""sneakers"", ""boot"", ""boots"", ""footwear""]",classification,footwear,footwear,,,,True
5d4be092cf0b3a0f3f3397a5,5d4be092cf0b3a0f3f3397a5.JPG,footwear,1728.0,Q3,eu,nl,Netherlands,qwen,"[""shoe"", ""shoes"", ""sandal"", ""sandals"", ""slipper"", ""slippers"", ""sneaker"", ""sneakers"", ""boot"", ""boots"", ""footwear""]",captioning,The main household object in the image is a pair of white Adidas Superstar sneakers with gray stripes on a wooden floor.,,,,,True
5ec4fb75f0611d7ddd74284a,5ec4fb75f0611d7ddd74284a.jpg,footwear,1394.0,Q3,am,co,Colombia,qwen,"[""shoe"", ""shoes"", ""sandal"", ""sandals"", ""slipper"", ""slippers"", ""sneaker"", ""sneakers"", ""boot"", ""boots"", ""footwear""]",classification,footwear,footwear,,,,True
5ec4fb75f0611d7ddd74284a,5ec4fb75f0611d7ddd74284a.jpg,footwear,1394.0,Q3,am,co,Colombia,qwen,"[""shoe"", ""shoes"", ""sandal"", ""sandals"", ""slipper"", ""slippers"", ""sneaker"", ""sneakers"", ""boot"", ""boots"", ""footwear""]",captioning,The main household object in the image is a pair of blue Crocs clogs with various colorful stickers on them.,,,,,False
5d4bf296cf0b3a0f3f35885a,5d4bf296cf0b3a0f3f35885a.jpg,footwear,730.281663,Q3,as,cn,China,qwen,"[""shoe"", ""shoes"", ""sandal"", ""sandals"", ""slipper"", ""slippers"", ""sneaker"", ""sneakers"", ""boot"", ""boots"", ""footwear""]",classification,footwear,footwear,,,,True
5d4bf296cf0b3a0f3f35885a,5d4bf296cf0b3a0f3f35885a.jpg,footwear,730.281663,Q3,as,cn,China,qwen,"[""shoe"", ""shoes"", ""sandal"", ""sandals"", ""slipper"", ""slippers"", ""sneaker"", ""sneakers"", ""boot"", ""boots"", ""footwear""]",captioning,The main household object in the image is a three-tier metal shoe rack containing various pairs of shoes and a blue cloth.,,,,,True
5d4bef4dcf0b3a0f3f352ff2,5d4bef4dcf0b3a0f3f352ff2.jpg,footwear,1747.0,Q3,as,np,Nepal,qwen,"[""shoe"", ""shoes"", ""sandal"", ""sandals"", ""slipper"", ""slippers"", ""sneaker"", ""sneakers"", ""boot"", ""boots"", ""footwear""]",classification,footwear,footwear,,,,True
5d4bef4dcf0b3a0f3f352ff2,5d4bef4dcf0b3a0f3f352ff2.jpg,footwear,1747.0,Q3,as,np,Nepal,qwen,"[""shoe"", ""shoes"", ""sandal"", ""sandals"", ""slipper"", ""slippers"", ""sneaker"", ""sneakers"", ""boot"", ""boots"", ""footwear""]",captioning,A wooden shelf with various pairs of shoes on it.,,,,,True
5d4bdfc3cf0b3a0f3f33824f,5d4bdfc3cf0b3a0f3f33824f.jpg,footwear,2044.0,Q4,am,co,Colombia,qwen,"[""shoe"", ""shoes"", ""sandal"", ""sandals"", ""slipper"", ""slippers"", ""sneaker"", ""sneakers"", ""boot"", ""boots"", ""footwear""]",classification,footwear,footwear,,,,True
5d4bdfc3cf0b3a0f3f33824f,5d4bdfc3cf0b3a0f3f33824f.jpg,footwear,2044.0,Q4,am,co,Colombia,qwen,"[""shoe"", ""shoes"", ""sandal"", ""sandals"", ""slipper"", ""slippers"", ""sneaker"", ""sneakers"", ""boot"", ""boots"", ""footwear""]",captioning,The main household object in the image is a pair of blue brogue shoes with lace-up laces and perforated detailing on the toe area.,,,,,True
5d4be6b3cf0b3a0f3f344270,5d4be6b3cf0b3a0f3f344270.JPG,footwear,2235.172785,Q4,as,cn,China,qwen,"[""shoe"", ""shoes"", ""sandal"", ""sandals"", ""slipper"", ""slippers"", ""sneaker"", ""sneakers"", ""boot"", ""boots"", ""footwear""]",classification,footwear,footwear,,,,True
5d4be6b3cf0b3a0f3f344270,5d4be6b3cf0b3a0f3f344270.JPG,footwear,2235.172785,Q4,as,cn,China,qwen,"[""shoe"", ""shoes"", ""sandal"", ""sandals"", ""slipper"", ""slippers"", ""sneaker"", ""sneakers"", ""boot"", ""boots"", ""footwear""]",captioning,The main household object in the image is a wooden shoe rack with multiple shelves containing various types of shoes and accessories.,,,,,True
5d4bdf81cf0b3a0f3f337c37,5d4bdf81cf0b3a0f3f337c37.jpg,footwear,2379.0,Q4,eu,ro,Romania,qwen,"[""shoe"", ""shoes"", ""sandal"", ""sandals"", ""slipper"", ""slippers"", ""sneaker"", ""sneakers"", ""boot"", ""boots"", ""footwear""]",classification,footwear,footwear,,,,True
5d4bdf81cf0b3a0f3f337c37,5d4bdf81cf0b3a0f3f337c37.jpg,footwear,2379.0,Q4,eu,ro,Romania,qwen,"[""shoe"", ""shoes"", ""sandal"", ""sandals"", ""slipper"", ""slippers"", ""sneaker"", ""sneakers"", ""boot"", ""boots"", ""footwear""]",captioning,The main household object in the image is a pair of black sneakers with neon green laces placed on a colorful striped rug.,,,,,True
5d4bef5fcf0b3a0f3f353214,5d4bef5fcf0b3a0f3f353214.jpg,footwear,3829.191091,Q4,as,np,Nepal,qwen,"[""shoe"", ""shoes"", ""sandal"", ""sandals"", ""slipper"", ""slippers"", ""sneaker"", ""sneakers"", ""boot"", ""boots"", ""footwear""]",classification,footwear,footwear,,,,True
5d4bef5fcf0b3a0f3f353214,5d4bef5fcf0b3a0f3f353214.jpg,footwear,3829.191091,Q4,as,np,Nepal,qwen,"[""shoe"", ""shoes"", ""sandal"", ""sandals"", ""slipper"", ""slippers"", ""sneaker"", ""sneakers"", ""boot"", ""boots"", ""footwear""]",captioning,The main household object in the image is a pair of black and teal-colored flip-flops with a textured sole.,,,,,False
5d4bdf9ecf0b3a0f3f337f0b,5d4bdf9ecf0b3a0f3f337f0b.JPG,footwear,2602.0,Q4,eu,ch,Switzerland,qwen,"[""shoe"", ""shoes"", ""sandal"", ""sandals"", ""slipper"", ""slippers"", ""sneaker"", ""sneakers"", ""boot"", ""boots"", ""footwear""]",classification,footwear,footwear,,,,True
5d4bdf9ecf0b3a0f3f337f0b,5d4bdf9ecf0b3a0f3f337f0b.JPG,footwear,2602.0,Q4,eu,ch,Switzerland,qwen,"[""shoe"", ""shoes"", ""sandal"", ""sandals"", ""slipper"", ""slippers"", ""sneaker"", ""sneakers"", ""boot"", ""boots"", ""footwear""]",captioning,The main household object in the image is a pair of black sneakers with red laces and red heel cups.,,,,,True
5d4be0e9cf0b3a0f3f33a1a1,5d4be0e9cf0b3a0f3f33a1a1.jpg,footwear,4732.0,Q4,as,in,India,qwen,"[""shoe"", ""shoes"", ""sandal"", ""sandals"", ""slipper"", ""slippers"", ""sneaker"", ""sneakers"", ""boot"", ""boots"", ""footwear""]",classification,footwear,footwear,,,,True
5d4be0e9cf0b3a0f3f33a1a1,5d4be0e9cf0b3a0f3f33a1a1.jpg,footwear,4732.0,Q4,as,in,India,qwen,"[""shoe"", ""shoes"", ""sandal"", ""sandals"", ""slipper"", ""slippers"", ""sneaker"", ""sneakers"", ""boot"", ""boots"", ""footwear""]",captioning,The main household object in this image is a pair of blue flip-flops with black straps.,,,,,False
5d4be0dccf0b3a0f3f33a033,5d4be0dccf0b3a0f3f33a033.JPG,footwear,2370.0,Q4,eu,nl,Netherlands,qwen,"[""shoe"", ""shoes"", ""sandal"", ""sandals"", ""slipper"", ""slippers"", ""sneaker"", ""sneakers"", ""boot"", ""boots"", ""footwear""]",classification,footwear,footwear,,,,True
5d4be0dccf0b3a0f3f33a033,5d4be0dccf0b3a0f3f33a033.JPG,footwear,2370.0,Q4,eu,nl,Netherlands,qwen,"[""shoe"", ""shoes"", ""sandal"", ""sandals"", ""slipper"", ""slippers"", ""sneaker"", ""sneakers"", ""boot"", ""boots"", ""footwear""]",captioning,The main household object is a pair of brown dress shoes on a gray tiled floor.,,,,,True
