review_id,image_id,condition,study_label,income_quartile,region,country_id,country_name,image_file,caption,object_correct_a,object_correct_b,object_correct_agree,non_informative_a,non_informative_b,non_informative_agree,hallucination_a,hallucination_b,hallucination_agree,any_disagreement,final_object_correct,final_non_informative,final_hallucination,adjudication_notes
db023bf3758e9ee9,5d4bf2d6cf0b3a0f3f358fea,baseline,footwear,Q2,as,kh,Cambodia,data/images/5d4bf2d6cf0b3a0f3f358fea.jpg,a pair of shoes laying on the ground,1,1,1,0,0,1,0,0,1,0,1,0,0,
f9c66f2e6320692b,5d4be664cf0b3a0f3f343977,baseline,light source,Q1,am,pe,Peru,data/images/5d4be664cf0b3a0f3f343977.JPG,a close up of a white plastic pipe,0,0,1,0,0,1,1,1,1,0,0,0,1,
7b23463d1831f1c6,5d4bf2b2cf0b3a0f3f358bb0,baseline,stove,Q2,as,cn,China,data/images/5d4bf2b2cf0b3a0f3f358bb0.jpg,a brick oven with a large pan on top,1,1,1,0,0,1,0,0,1,0,1,0,0,
e3327c7a170863b5,5d4bf0bfcf0b3a0f3f355712,prompted,roof,Q1,af,ci,Cote d'Ivoire,data/images/5d4bf0bfcf0b3a0f3f355712.jpg,the main household object in this image is a house,1,1,1,0,0,1,0,0,1,0,1,0,0,
db99ad5b4ca14a8a,5d4bdf05cf0b3a0f3f336fb3,baseline,light source,Q2,as,id,Indonesia,data/images/5d4bdf05cf0b3a0f3f336fb3.JPG,a light that is on a wooden floor,0,1,0,0,0,1,0,0,1,1,1,0,0,
1e33dd6357c6ed52,5d4bdfb1cf0b3a0f3f33809d,baseline,light source,Q3,eu,nl,Netherlands,data/images/5d4bdfb1cf0b3a0f3f33809d.jpg,a lamp on a table next to a bottle,1,1,1,0,0,1,0,0,1,0,1,0,0,
229e76e7fd4a75d2,5ec4f81af0611d7ddd740be2,prompted,switch,Q1,as,np,Nepal,data/images/5ec4f81af0611d7ddd740be2.jpg,the main household object in this image is a white electrical device,1,1,1,0,0,1,0,0,1,0,1,0,0,
a6f7333f49e0f310,5ec4fa30f0611d7ddd741dbe,prompted,stove,Q2,af,et,Ethiopia,data/images/5ec4fa30f0611d7ddd741dbe.JPG,the main household object in this image is a gas stove,1,1,1,0,0,1,0,1,0,1,1,0,0,
5786c2c07569de62,5d4bf24dcf0b3a0f3f3580a2,baseline,footwear,Q1,am,co,Colombia,data/images/5d4bf24dcf0b3a0f3f3580a2.jpg,a pair of dirty shoes on the ground,1,1,1,0,0,1,0,0,1,0,1,0,0,
fbdf39cc601ede75,5ec4fb68f0611d7ddd7427d4,prompted,switch,Q2,am,co,Colombia,data/images/5ec4fb68f0611d7ddd7427d4.jpg,the main household object in this image is a wall switch,1,1,1,0,0,1,0,0,1,0,1,0,0,
edb0cf92b69d85fd,5d4beacdcf0b3a0f3f34b1d8,prompted,roof,Q1,as,in,India,data/images/5d4beacdcf0b3a0f3f34b1d8.jpg,the main household object in this image is a dirty room,0,0,1,0,1,0,0,0,1,1,0,1,0,
4b8a6e03b85439d9,5d4be02ecf0b3a0f3f338c56,baseline,switch,Q3,eu,nl,Netherlands,data/images/5d4be02ecf0b3a0f3f338c56.JPG,two speakers on a brick wall,0,0,1,0,0,1,1,1,1,0,0,0,1,
06f8a871b939307d,5d4bf28fcf0b3a0f3f358788,prompted,switch,Q3,as,cn,China,data/images/5d4bf28fcf0b3a0f3f358788.jpg,the main household object in this image is a switch,1,1,1,0,0,1,0,0,1,0,1,0,0,
192c715a6bb90164,5d4be76ecf0b3a0f3f3456d4,baseline,trash container,Q2,as,id,Indonesia,data/images/5d4be76ecf0b3a0f3f3456d4.jpg,a bag of garbage sitting on the ground,0,1,0,0,0,1,0,0,1,1,1,0,0,
c2d43b298e80ccf3,5d4befc5cf0b3a0f3f353ce2,baseline,stove,Q1,af,mw,Malawi,data/images/5d4befc5cf0b3a0f3f353ce2.jpg,a person is using a knife to cut a piece of wood,0,0,1,0,0,1,1,1,1,0,0,0,1,
62c5ebaa11361cab,5d4bef4dcf0b3a0f3f352fe2,baseline,stove,Q3,as,np,Nepal,data/images/5d4bef4dcf0b3a0f3f352fe2.jpg,a black stove top,1,1,1,0,0,1,0,0,1,0,1,0,0,
507b02d34be508fd,5d4be196cf0b3a0f3f33b4c3,baseline,light source,Q2,am,br,Brazil,data/images/5d4be196cf0b3a0f3f33b4c3.jpg,a bathroom with a shower head and a shower curtain,0,0,1,0,0,1,1,1,1,0,0,0,1,
a642beb689d09f28,5d4bdf69cf0b3a0f3f337997,baseline,trash container,Q2,af,tz,Tanzania,data/images/5d4bdf69cf0b3a0f3f337997.jpg,a white basket with a bunch of beer bottles,0,1,0,0,0,1,0,1,0,1,0,0,0,
41bf777bd39e7d87,5d4bdf81cf0b3a0f3f337c37,baseline,footwear,Q4,eu,ro,Romania,data/images/5d4bdf81cf0b3a0f3f337c37.jpg,a pair of shoes on a rug,1,1,1,0,0,1,0,0,1,0,1,0,0,
1600007dc56d1c35,5d4bf28fcf0b3a0f3f358788,baseline,switch,Q3,as,cn,China,data/images/5d4bf28fcf0b3a0f3f358788.jpg,a blue and white sign with a white and blue sign,0,0,1,0,0,1,0,0,1,0,0,0,0,
905733a434686ee9,5d4be03ccf0b3a0f3f338dde,prompted,light source,Q3,af,ng,Nigeria,data/images/5d4be03ccf0b3a0f3f338dde.JPG,the main household object in this image is a chandel,0,1,0,0,0,1,0,0,1,1,1,0,0,
dc188658dc35b17c,5d4bdf69cf0b3a0f3f337997,prompted,trash container,Q2,af,tz,Tanzania,data/images/5d4bdf69cf0b3a0f3f337997.jpg,the main household object in this image is a basket of beer bottles,0,1,0,0,0,1,0,1,0,1,0,0,0,
cfa344c5c71b5f0e,5d4bf296cf0b3a0f3f35885a,prompted,footwear,Q3,as,cn,China,data/images/5d4bf296cf0b3a0f3f35885a.jpg,the main household object in this image is a rack of shoes,1,1,1,0,0,1,0,0,1,0,1,0,0,
6f193c18d6a5e700,5d4be53dcf0b3a0f3f341904,baseline,light source,Q4,am,us,United States,data/images/5d4be53dcf0b3a0f3f341904.JPG,a kitchen with a white ceiling and a window,0,1,0,0,0,1,1,1,1,1,0,0,1,
ce24514258e37e85,5d4bee51cf0b3a0f3f3512b8,prompted,trash container,Q2,af,rw,Rwanda,data/images/5d4bee51cf0b3a0f3f3512b8.jpg,the main household object in this image is a pile of dirt,1,1,1,0,0,1,0,0,1,0,1,0,0,
42b625991a934b7c,5d4bf260cf0b3a0f3f3582cc,prompted,switch,Q1,am,co,Colombia,data/images/5d4bf260cf0b3a0f3f3582cc.jpg,the main household object in this image is a bottle of water,0,0,1,0,0,1,1,1,1,0,0,0,1,
7b63221281cf0ebb,5d4bebfdcf0b3a0f3f34d421,prompted,light source,Q4,am,us,United States,data/images/5d4bebfdcf0b3a0f3f34d421.jpg,the main household object in this image is a ceiling light,1,1,1,0,0,1,0,0,1,0,1,0,0,
ffbee4e8956096e6,5d4be092cf0b3a0f3f3397a5,prompted,footwear,Q3,eu,nl,Netherlands,data/images/5d4be092cf0b3a0f3f3397a5.JPG,the main household object in this image is a pair of adidas ' s shoes,1,1,1,0,0,1,0,0,1,0,1,0,0,
1f91a01c278c32bb,5d4be3ffcf0b3a0f3f33f4fa,prompted,switch,Q2,af,cm,Cameroon,data/images/5d4be3ffcf0b3a0f3f33f4fa.jpg,the main household object in this image is a picture of a woman,0,1,0,0,0,1,0,0,1,1,0,0,0,
982f21ea03c0094b,5d4be02fcf0b3a0f3f338c7c,prompted,roof,Q3,eu,nl,Netherlands,data/images/5d4be02fcf0b3a0f3f338c7c.JPG,the main household object in this image is a white wall,1,1,1,0,0,1,0,0,1,0,1,0,0,
afb6afbe5e247208,5d4be404cf0b3a0f3f33f59c,prompted,roof,Q4,eu,gb,United Kingdom,data/images/5d4be404cf0b3a0f3f33f59c.JPG,the main household object in this image is a house,1,1,1,0,0,1,0,0,1,0,1,0,0,
93d3d5f003293392,5ec4f831f0611d7ddd740cab,baseline,switch,Q4,am,us,United States,data/images/5ec4f831f0611d7ddd740cab.JPG,a white light switch on a wall,1,1,1,0,0,1,0,0,1,0,1,0,0,
8d3d6f75ccf12235,5d4bf377cf0b3a0f3f35a144,prompted,roof,Q1,af,bf,Burkina Faso,data/images/5d4bf377cf0b3a0f3f35a144.jpg,the main household object in this image is a metal curtain,0,0,1,0,0,1,0,0,1,0,0,0,0,
c7a379eaa6f90318,5ec4f60af4a4fb7dc0387c46,baseline,switch,Q4,am,co,Colombia,data/images/5ec4f60af4a4fb7dc0387c46.JPG,how to install a light switch,1,1,1,0,0,1,0,0,1,0,1,0,0,
5e29fc324d7a7aef,5d4bdfefcf0b3a0f3f33871e,baseline,trash container,Q3,as,pk,Pakistan,data/images/5d4bdfefcf0b3a0f3f33871e.jpg,a white bag with a black handle,0,1,0,0,0,1,1,1,1,1,0,0,1,
94a5b7e9581f9752,5ec4fa3cf0611d7ddd741e2c,baseline,trash container,Q4,af,et,Ethiopia,data/images/5ec4fa3cf0611d7ddd741e2c.JPG,a purple trash can sitting on a tiled floor,1,1,1,0,0,1,0,0,1,0,1,0,0,
00ac34b9ae62e017,5d4be22ecf0b3a0f3f33c475,prompted,stove,Q3,af,eg,Egypt,data/images/5d4be22ecf0b3a0f3f33c475.JPG,the main household object in this image is a stove,0,1,0,0,0,1,0,0,1,1,1,0,0,
dc79d13f0c83f4de,5ec4f97ef0611d7ddd7417d1,baseline,roof,Q3,af,cm,Cameroon,data/images/5ec4f97ef0611d7ddd7417d1.jpg,a pink wall with a small hole in it,0,0,1,0,0,1,0,0,1,0,0,0,0,
514b680934ba77f9,5d4be42ccf0b3a0f3f33fa48,prompted,roof,Q4,am,us,United States,data/images/5d4be42ccf0b3a0f3f33fa48.JPG,the main household object in this image is a toothbrush,0,0,1,0,0,1,1,1,1,0,0,0,1,
cd5060b7a7886514,5d4be977cf0b3a0f3f348ac0,prompted,switch,Q4,as,jo,Jordan,data/images/5d4be977cf0b3a0f3f348ac0.jpg,the main household object in this image is a light switch,1,1,1,0,0,1,0,0,1,0,1,0,0,
3fb4fa3adf224d71,5d4be8dccf0b3a0f3f3478b6,baseline,trash container,Q4,eu,ua,Ukraine,data/images/5d4be8dccf0b3a0f3f3478b6.jpg,a blue trash bag,1,1,1,0,0,1,0,0,1,0,1,0,0,
c0bcf7f27283f4b9,5f8dfa6069531c2f81fdef7f,baseline,light source,Q2,as,pk,Pakistan,data/images/5f8dfa6069531c2f81fdef7f.jpg,a white toilet sitting in a dark room,0,0,1,0,0,1,1,1,1,0,0,0,1,
bc9950fa03dcfab6,5ec4f834f0611d7ddd740cc3,baseline,light source,Q4,am,us,United States,data/images/5ec4f834f0611d7ddd740cc3.JPG,a lamp on a table next to a computer,1,1,1,0,0,1,0,1,0,1,1,0,1,
22c17763d990e171,5d4be78acf0b3a0f3f345a14,baseline,footwear,Q1,as,id,Indonesia,data/images/5d4be78acf0b3a0f3f345a14.jpg,a pair of red shoes on the ground,0,1,0,0,0,1,0,0,1,1,1,0,0,
09e14bc649601e7d,5d4bef87cf0b3a0f3f3536b6,baseline,trash container,Q3,am,mx,Mexico,data/images/5d4bef87cf0b3a0f3f3536b6.jpg,a green trash can with a plastic container,1,1,1,0,0,1,0,0,1,0,1,0,0,
9870abd4ec664d02,5ec4fb80f0611d7ddd7428aa,prompted,footwear,Q2,am,co,Colombia,data/images/5ec4fb80f0611d7ddd7428aa.jpg,the main household object in this image is a pair of crocy sandals,0,1,0,0,0,1,0,0,1,1,1,0,0,
956a8b1bd73c8ec2,5ec4f81af0611d7ddd740be2,baseline,switch,Q1,as,np,Nepal,data/images/5ec4f81af0611d7ddd740be2.jpg,a person is holding a white electrical device,0,1,0,0,0,1,0,0,1,1,1,0,0,
94378a61cb793490,5d4be0dccf0b3a0f3f33a033,prompted,footwear,Q4,eu,nl,Netherlands,data/images/5d4be0dccf0b3a0f3f33a033.JPG,the main household object in this image is a pair of shoes,1,1,1,0,0,1,0,0,1,0,1,0,0,
9c9041b992bbed4c,5d4be53dcf0b3a0f3f341904,prompted,light source,Q4,am,us,United States,data/images/5d4be53dcf0b3a0f3f341904.JPG,the main household object in this image is a ceiling,1,1,1,0,0,1,0,0,1,0,1,0,0,
829beb26633aa0c5,5d4be752cf0b3a0f3f3453ca,prompted,light source,Q1,as,mm,Myanmar,data/images/5d4be752cf0b3a0f3f3453ca.jpg,the main household object in this image is a water well,1,0,0,0,0,1,0,0,1,1,0,0,0,
26a80e369ec646dc,5d4bf2b2cf0b3a0f3f358bb0,prompted,stove,Q2,as,cn,China,data/images/5d4bf2b2cf0b3a0f3f358bb0.jpg,the main household object in this image is a large pan,1,0,0,0,0,1,0,0,1,1,1,0,0,
7d4ede7edfc39ad6,5d4beab2cf0b3a0f3f34aea4,prompted,switch,Q1,as,in,India,data/images/5d4beab2cf0b3a0f3f34aea4.jpg,the main household object in this image is a switch box,0,1,0,0,0,1,0,0,1,1,1,0,0,
2d07a05aecd44b68,5d4bef59cf0b3a0f3f353156,prompted,stove,Q1,as,np,Nepal,data/images/5d4bef59cf0b3a0f3f353156.jpg,the main household object in this image is a frying pan,0,1,0,0,0,1,0,0,1,1,1,0,0,
0c875d43c7d00d87,5d4be048cf0b3a0f3f338f18,baseline,stove,Q4,am,us,United States,data/images/5d4be048cf0b3a0f3f338f18.jpg,a white stove with a kettle on top,1,1,1,0,0,1,0,0,1,0,1,0,0,
e26b53839fdb7c24,5d4bed80cf0b3a0f3f34fbb2,prompted,switch,Q1,af,tn,Tunisia,data/images/5d4bed80cf0b3a0f3f34fbb2.jpg,the main household object in this image is a white light switch,1,1,1,0,0,1,0,0,1,0,1,0,0,
098dbbd9661bd3dc,5ec4fb81f0611d7ddd7428b0,prompted,light source,Q2,am,co,Colombia,data/images/5ec4fb81f0611d7ddd7428b0.jpg,the main household object in this image is a toilet,0,0,1,0,0,1,1,1,1,0,0,0,1,
cd5c7b61d13b7a56,5d4be0abcf0b3a0f3f339a79,baseline,roof,Q4,as,in,India,data/images/5d4be0abcf0b3a0f3f339a79.jpg,a ceiling fan in a room with a yellow wall,1,1,1,0,0,1,0,0,1,0,1,0,0,
c6c21e8a0864b1fd,5ec4fa7bf0611d7ddd74200b,baseline,stove,Q2,am,br,Brazil,data/images/5ec4fa7bf0611d7ddd74200b.jpg,a stove and oven in a kitchen with a lot of dirty stuff,1,1,1,0,0,1,0,0,1,0,1,0,0,
795e4f8cd52d8129,5d4be1c8cf0b3a0f3f33b9cf,baseline,trash container,Q1,af,ke,Kenya,data/images/5d4be1c8cf0b3a0f3f33b9cf.JPG,a pile of trash sitting in the grass,1,1,1,0,0,1,0,0,1,0,1,0,0,
59b6f1b31c70e776,5d4bee22cf0b3a0f3f350e6a,prompted,stove,Q1,af,rw,Rwanda,data/images/5d4bee22cf0b3a0f3f350e6a.jpg,the main household object in this image is a broken oven,0,0,1,0,0,1,0,0,1,0,0,0,0,
57724be783205fbd,5d4bed15cf0b3a0f3f34ef8a,baseline,footwear,Q2,as,vn,Vietnam,data/images/5d4bed15cf0b3a0f3f34ef8a.jpg,a pair of yellow shoes on the ground,0,1,0,0,0,1,0,0,1,1,1,0,0,
c49e8efcf828de35,5ec4f90ef0611d7ddd741415,prompted,light source,Q4,eu,es,Spain,data/images/5ec4f90ef0611d7ddd741415.jpg,the main household object in this image is a lamp,1,1,1,0,0,1,0,0,1,0,1,0,0,
0739e57660ceccce,5ec4f989f0611d7ddd74182b,prompted,switch,Q2,af,cm,Cameroon,data/images/5ec4f989f0611d7ddd74182b.jpg,the main household object in this image is a light switch,1,1,1,0,0,1,0,0,1,0,1,0,0,
2a07a2fa2f52e531,5d4bde4dcf0b3a0f3f335e21,baseline,stove,Q3,am,us,United States,data/images/5d4bde4dcf0b3a0f3f335e21.jpg,a pot of water is on the stove,1,1,1,0,0,1,0,0,1,0,1,0,0,
5a0b8139596c0aa6,5ec4f86df0611d7ddd740eb5,prompted,switch,Q3,as,ir,Iran,data/images/5ec4f86df0611d7ddd740eb5.jpg,the main household object in this image is a toilet,0,0,1,0,0,1,1,1,1,0,0,0,1,
ddaf763c89dda1eb,5d4be42ccf0b3a0f3f33fa48,baseline,roof,Q4,am,us,United States,data/images/5d4be42ccf0b3a0f3f33fa48.JPG,a person holding a cell phone in their hand,0,0,1,0,0,1,1,1,1,0,0,0,1,
2cc3372510610e33,5ec4f97ef0611d7ddd7417d1,prompted,roof,Q3,af,cm,Cameroon,data/images/5ec4f97ef0611d7ddd7417d1.jpg,the main household object in this image is a door handle,0,0,1,0,0,1,0,0,1,0,0,0,0,
1a9f886a15cbe2aa,5ec4fb75f0611d7ddd74284a,prompted,footwear,Q3,am,co,Colombia,data/images/5ec4fb75f0611d7ddd74284a.jpg,the main household object in this image is a pair of crocy crocy crocy crocy crocy crocy crocy crocy crocy,1,1,1,0,0,1,0,0,1,0,1,0,0,
2a6ea88fb66276b7,5d4befa8cf0b3a0f3f353974,baseline,stove,Q4,am,mx,Mexico,data/images/5d4befa8cf0b3a0f3f353974.jpg,a stove with a rack of cooking uts in it,1,1,1,0,0,1,0,0,1,0,1,0,0,
ed1d4086a9640e47,5d4bee44cf0b3a0f3f351150,baseline,footwear,Q2,af,rw,Rwanda,data/images/5d4bee44cf0b3a0f3f351150.jpg,a pair of blue shoes sitting on the floor,1,1,1,0,0,1,0,0,1,0,1,0,0,
e1de5e6e7aa4afeb,5d4be0e9cf0b3a0f3f33a1a1,baseline,footwear,Q4,as,in,India,data/images/5d4be0e9cf0b3a0f3f33a1a1.jpg,a group of shoes sitting on the floor,1,1,1,0,0,1,0,0,1,0,1,0,0,
5e2acab5bc976729,5d4be092cf0b3a0f3f3397a5,baseline,footwear,Q3,eu,nl,Netherlands,data/images/5d4be092cf0b3a0f3f3397a5.JPG,a pair of white sneakers on a wooden floor,1,1,1,0,0,1,0,0,1,0,1,0,0,
b1d3cbb255ae9d90,5d4bebfdcf0b3a0f3f34d421,baseline,light source,Q4,am,us,United States,data/images/5d4bebfdcf0b3a0f3f34d421.jpg,a kitchen with two lights on the ceiling,0,1,0,0,0,1,0,1,0,1,1,0,0,
c365b8f2f5a0e8b4,5ec4f86df0611d7ddd740eb2,prompted,roof,Q3,as,ir,Iran,data/images/5ec4f86df0611d7ddd740eb2.jpg,the main household object in this image is a roof,1,1,1,0,0,1,0,0,1,0,1,0,0,
b7cd42790def53d0,5fa329ada4fd6103df5dff73,baseline,roof,Q3,am,co,Colombia,data/images/5fa329ada4fd6103df5dff73.jpeg,a ceiling with a hole in it,0,1,0,0,0,1,0,0,1,1,0,0,0,
216c75837da29065,5d4be1bbcf0b3a0f3f33b8c9,baseline,stove,Q4,am,br,Brazil,data/images/5d4be1bbcf0b3a0f3f33b8c9.jpg,a woman is standing in front of a stove,0,1,0,0,0,1,1,0,0,1,1,0,0,
c3a19a5bcdded8fb,5d4bde4dcf0b3a0f3f335e21,prompted,stove,Q3,am,us,United States,data/images/5d4bde4dcf0b3a0f3f335e21.jpg,the main household object in this image is a pot on the stove,1,1,1,0,0,1,0,0,1,0,1,0,0,
ee1aa67fb7bcf3aa,5d4bef5fcf0b3a0f3f353214,prompted,footwear,Q4,as,np,Nepal,data/images/5d4bef5fcf0b3a0f3f353214.jpg,the main household object in this image is a pair of black and green sandals,1,1,1,0,0,1,0,0,1,0,1,0,0,
f5f9ab9428b55cd1,5d4be7b3cf0b3a0f3f345ec4,baseline,stove,Q1,as,bd,Bangladesh,data/images/5d4be7b3cf0b3a0f3f345ec4.jpg,a black pot sitting on top of a cement,0,1,0,0,0,1,0,0,1,1,1,0,0,
7509bdc348bd7664,5ec4fb83f0611d7ddd7428c0,baseline,trash container,Q2,am,co,Colombia,data/images/5ec4fb83f0611d7ddd7428c0.jpg,a black trash bag sitting on the floor,1,1,1,0,0,1,0,0,1,0,1,0,0,
b1ff854e3875604d,5d4bf0bfcf0b3a0f3f355712,baseline,roof,Q1,af,ci,Cote d'Ivoire,data/images/5d4bf0bfcf0b3a0f3f355712.jpg,a house with a tar tar covering it,0,1,0,0,0,1,1,0,0,1,1,0,0,
ac52aa77940917af,5d4be0fecf0b3a0f3f33a415,prompted,stove,Q3,as,in,India,data/images/5d4be0fecf0b3a0f3f33a415.jpeg,the main household object in this image is the gas stove,1,1,1,0,0,1,0,0,1,0,1,0,0,
94418404c1a775b0,5ec4f948f0611d7ddd741601,baseline,stove,Q4,as,in,India,data/images/5ec4f948f0611d7ddd741601.JPG,a black stove,1,1,1,0,0,1,0,0,1,0,1,0,0,
d8ba05ef691208df,5d4bf271cf0b3a0f3f3583da,prompted,light source,Q1,am,co,Colombia,data/images/5d4bf271cf0b3a0f3f3583da.jpg,the main household object in this image is a ceiling,1,1,1,0,0,1,0,0,1,0,1,0,0,
f44bc0bf5543a2bb,5d4bdefccf0b3a0f3f336ec5,baseline,roof,Q2,eu,rs,Serbia,data/images/5d4bdefccf0b3a0f3f336ec5.jpg,a roof with a roof venter,0,1,0,0,0,1,0,0,1,1,1,0,0,
77561b7da08706ea,5ec4f5caf4a4fb7dc0387a0c,prompted,stove,Q4,eu,ru,Russia,data/images/5ec4f5caf4a4fb7dc0387a0c.jpg,the main household object in this image is a stove,1,1,1,0,0,1,0,0,1,0,1,0,0,
2905623d479b2539,5d4bef4dcf0b3a0f3f352ff2,prompted,footwear,Q3,as,np,Nepal,data/images/5d4bef4dcf0b3a0f3f352ff2.jpg,the main household object in this image is a shelf of shoes,1,1,1,0,0,1,0,0,1,0,1,0,0,
a7a893f8f7e73c22,5d4be103cf0b3a0f3f33a4af,baseline,roof,Q3,as,in,India,data/images/5d4be103cf0b3a0f3f33a4af.jpg,a ceiling with a clock on it,0,0,1,0,0,1,1,1,1,0,0,0,1,
317c5c1f2aea7936,5ec4f834f0611d7ddd740cc3,prompted,light source,Q4,am,us,United States,data/images/5ec4f834f0611d7ddd740cc3.JPG,the main household object in this image is a lamp,1,1,1,0,0,1,0,0,1,0,1,0,0,
973d697ae9acfce9,5d4bdfefcf0b3a0f3f33871e,prompted,trash container,Q3,as,pk,Pakistan,data/images/5d4bdfefcf0b3a0f3f33871e.jpg,the main household object in this image is a trash bag,1,1,1,0,0,1,0,0,1,0,1,0,0,
cd3f7f1d28f86e0f,5ec4fa5ff0611d7ddd741f24,prompted,switch,Q4,eu,cz,Czech Republic,data/images/5ec4fa5ff0611d7ddd741f24.jpg,the main household object in this image is a white light switch,1,1,1,0,0,1,0,0,1,0,1,0,0,
01ef2ddb27c7dd26,5d4bef60cf0b3a0f3f353222,baseline,switch,Q4,as,np,Nepal,data/images/5d4bef60cf0b3a0f3f353222.jpg,a white light switch on a wall,1,1,1,0,0,1,0,0,1,0,1,0,0,
75ed0e102c48ffaf,5d4be0abcf0b3a0f3f339a79,prompted,roof,Q4,as,in,India,data/images/5d4be0abcf0b3a0f3f339a79.jpg,the main household object in this image is a ceiling fan,1,1,1,0,0,1,0,0,1,0,1,0,0,
78d76989523505e3,5d4bef4dcf0b3a0f3f352ff2,baseline,footwear,Q3,as,np,Nepal,data/images/5d4bef4dcf0b3a0f3f352ff2.jpg,a shelf with a bunch of shoes on it,1,1,1,0,0,1,0,0,1,0,1,0,0,
ec82d56c4ccb8add,5ec4fba1f0611d7ddd7429bc,baseline,light source,Q3,am,co,Colombia,data/images/5ec4fba1f0611d7ddd7429bc.jpg,a kitchen with a ceiling that has been painted,1,1,1,0,0,1,1,0,0,1,1,0,0,
7f7249f17f8b94d3,5d4be103cf0b3a0f3f33a4af,prompted,roof,Q3,as,in,India,data/images/5d4be103cf0b3a0f3f33a4af.jpg,the main household object in this image is a dont,0,0,1,1,1,1,0,0,1,0,0,1,0,
4ea58714bec2b31f,5d4be76ecf0b3a0f3f3456d4,prompted,trash container,Q2,as,id,Indonesia,data/images/5d4be76ecf0b3a0f3f3456d4.jpg,the main household object in this image is a bag of garbage,1,1,1,0,0,1,0,0,1,0,1,0,0,
121828b3322bb1cd,5d4bf05ccf0b3a0f3f354caa,baseline,roof,Q1,af,lr,Liberia,data/images/5d4bf05ccf0b3a0f3f354caa.jpg,a wooden ceiling with a metal pole and a string,1,1,1,0,0,1,0,0,1,0,1,0,0,
4f6ab4187633216f,5d4bef89cf0b3a0f3f3536f2,prompted,switch,Q3,am,mx,Mexico,data/images/5d4bef89cf0b3a0f3f3536f2.jpg,the main household object in this image is a light switch,1,1,1,0,0,1,0,0,1,0,1,0,0,
febfab15e7d5be97,5d4beee5cf0b3a0f3f3523d2,prompted,trash container,Q1,af,ng,Nigeria,data/images/5d4beee5cf0b3a0f3f3523d2.jpg,the main household object in this image is garbage,1,1,1,0,0,1,0,0,1,0,1,0,0,
9a7e9369d3fde64b,5d4bf185cf0b3a0f3f356a5e,prompted,switch,Q2,as,in,India,data/images/5d4bf185cf0b3a0f3f356a5e.jpg,the main household object in this image is a switch box,1,1,1,0,0,1,0,0,1,0,1,0,0,
def4f30f682c8a4f,5d4bef4dcf0b3a0f3f352fe2,prompted,stove,Q3,as,np,Nepal,data/images/5d4bef4dcf0b3a0f3f352fe2.jpg,the main household object in this image is a gas stove,1,1,1,0,0,1,0,0,1,0,1,0,0,
7c3770fbb51f0b4a,5d4be09ccf0b3a0f3f3398bb,baseline,footwear,Q3,am,br,Brazil,data/images/5d4be09ccf0b3a0f3f3398bb.JPG,a pair of black flip flops on a towel,1,1,1,0,0,1,0,0,1,0,1,0,0,
ca98ffe3ac2069be,5d4bed80cf0b3a0f3f34fbb2,baseline,switch,Q1,af,tn,Tunisia,data/images/5d4bed80cf0b3a0f3f34fbb2.jpg,a light switch in a white wall,1,1,1,0,0,1,0,0,1,0,1,0,0,
a68bb905e12fbe9f,5d4be404cf0b3a0f3f33f59c,baseline,roof,Q4,eu,gb,United Kingdom,data/images/5d4be404cf0b3a0f3f33f59c.JPG,a clear blue sky,0,0,1,0,0,1,0,0,1,0,0,0,0,
1c5bc16f8a5acd7e,5d4bf185cf0b3a0f3f356a5e,baseline,switch,Q2,as,in,India,data/images/5d4bf185cf0b3a0f3f356a5e.jpg,a white wall,0,0,1,0,1,0,0,0,1,1,0,1,0,
ab65cfca9fb41e18,5d4bf27dcf0b3a0f3f358554,baseline,trash container,Q1,am,co,Colombia,data/images/5d4bf27dcf0b3a0f3f358554.jpg,a pile of garbage in a wooden box,1,1,1,0,0,1,0,0,1,0,1,0,0,
1c8c4a67a071abe4,5d4bdfc3cf0b3a0f3f33824f,baseline,footwear,Q4,am,co,Colombia,data/images/5d4bdfc3cf0b3a0f3f33824f.jpg,a person wearing blue shoes and jeans,1,1,1,0,0,1,1,0,0,1,1,0,0,
5b94404c3fb6c764,5d4bf191cf0b3a0f3f356bb4,baseline,trash container,Q2,as,in,India,data/images/5d4bf191cf0b3a0f3f356bb4.jpg,a dog standing on a dirt road next to a pile of garbage,1,1,1,0,0,1,0,0,1,0,1,0,0,
3c87c03592947b96,5d4bdfa0cf0b3a0f3f337f53,baseline,light source,Q2,am,pe,Peru,data/images/5d4bdfa0cf0b3a0f3f337f53.jpg,a person is standing in a room with a light,0,0,1,0,0,1,1,1,1,0,0,0,1,
fe6efc5e797e6f26,5d4be631cf0b3a0f3f343397,prompted,light source,Q2,as,in,India,data/images/5d4be631cf0b3a0f3f343397.JPG,the main household object in this image is a light bulb,1,1,1,0,0,1,0,0,1,0,1,0,0,
669d85adeeb9703f,5ec4fb67f0611d7ddd7427d0,baseline,footwear,Q2,am,co,Colombia,data/images/5ec4fb67f0611d7ddd7427d0.jpg,a bunch of shoes,1,1,1,0,0,1,0,0,1,0,1,0,0,
470e73bc0b71ba17,5ec4fb73f0611d7ddd742836,prompted,stove,Q3,am,co,Colombia,data/images/5ec4fb73f0611d7ddd742836.jpg,the main household object in this image is a microwave,1,1,1,0,0,1,0,0,1,0,1,0,0,
486a13b8c40244db,5d4beff5cf0b3a0f3f354210,baseline,stove,Q1,af,mw,Malawi,data/images/5d4beff5cf0b3a0f3f354210.jpg,a pile of rocks and sticks on the ground,1,1,1,0,0,1,0,0,1,0,1,0,0,
e00316bb64801c72,5d4bf27dcf0b3a0f3f358554,prompted,trash container,Q1,am,co,Colombia,data/images/5d4bf27dcf0b3a0f3f358554.jpg,the main household object in this image is a wooden box with a bunch of flowers inside,1,1,1,0,0,1,1,1,1,0,1,0,1,
b9868a5ef5ad7813,5d4bee22cf0b3a0f3f350e6a,baseline,stove,Q1,af,rw,Rwanda,data/images/5d4bee22cf0b3a0f3f350e6a.jpg,a pile of trash on a dirt road,0,0,1,0,0,1,0,0,1,0,0,0,0,
144d747196d6ca19,5d4be0becf0b3a0f3f339caf,baseline,trash container,Q4,as,in,India,data/images/5d4be0becf0b3a0f3f339caf.jpg,a trash can be seen in the picture,1,1,1,0,0,1,0,0,1,0,1,0,0,
3f8eed89e23056d1,5d4bed15cf0b3a0f3f34ef8a,prompted,footwear,Q2,as,vn,Vietnam,data/images/5d4bed15cf0b3a0f3f34ef8a.jpg,the main household object in this image is a pair of yellow shoes,1,1,1,0,0,1,0,0,1,0,1,0,0,
7b5f865d89ecde47,5d4becefcf0b3a0f3f34eb88,baseline,light source,Q1,af,zw,Zimbabwe,data/images/5d4becefcf0b3a0f3f34eb88.jpg,a plane flying through a cloudy sky,0,0,1,0,0,1,1,1,1,0,0,0,1,
44e4561487037ff4,5d4be0ddcf0b3a0f3f33a03d,baseline,stove,Q4,eu,nl,Netherlands,data/images/5d4be0ddcf0b3a0f3f33a03d.JPG,a stove with a pot on top of it,1,1,1,0,0,1,0,0,1,0,1,0,0,
7147c0a744203888,5ec4fb83f0611d7ddd7428c0,prompted,trash container,Q2,am,co,Colombia,data/images/5ec4fb83f0611d7ddd7428c0.jpg,the main household object in this image is a trash bag,1,1,1,0,0,1,0,0,1,0,1,0,0,
338be5e52e492b8e,5d4bec7acf0b3a0f3f34dfca,prompted,switch,Q1,as,bd,Bangladesh,data/images/5d4bec7acf0b3a0f3f34dfca.jpg,the main household object in this image is a switch box,1,1,1,0,0,1,0,0,1,0,1,0,0,
344bfd7a23c2bc3d,5ec4fb73f0611d7ddd742836,baseline,stove,Q3,am,co,Colombia,data/images/5ec4fb73f0611d7ddd742836.jpg,a microwave sitting on a table with a green and white cover,1,1,1,0,0,1,0,0,1,0,1,0,0,
06deaa50bb36a4a8,5d4be0e9cf0b3a0f3f33a1a1,prompted,footwear,Q4,as,in,India,data/images/5d4be0e9cf0b3a0f3f33a1a1.jpg,the main household object in this image is the sandals,1,1,1,0,0,1,0,0,1,0,1,0,0,
07b0bc3f9ff9c317,5d4be631cf0b3a0f3f343397,baseline,light source,Q2,as,in,India,data/images/5d4be631cf0b3a0f3f343397.JPG,a light that is on a wall,1,1,1,0,0,1,0,0,1,0,1,0,0,
7d2fc8d499ddaba9,5d4be034cf0b3a0f3f338d08,baseline,switch,Q3,eu,nl,Netherlands,data/images/5d4be034cf0b3a0f3f338d08.JPG,a white light switch on a wall,1,1,1,0,0,1,0,0,1,0,1,0,0,
0c29d96cb572056e,5d4be09ccf0b3a0f3f3398bb,prompted,footwear,Q3,am,br,Brazil,data/images/5d4be09ccf0b3a0f3f3398bb.JPG,the main household object in this image is a pair of flip flops,1,1,1,0,0,1,0,0,1,0,1,0,0,
c3176aa8a08c3055,5ec4fa8ff0611d7ddd7420b5,prompted,light source,Q2,am,br,Brazil,data/images/5ec4fa8ff0611d7ddd7420b5.jpg,the main household object in this image is a bird cage,1,1,1,0,0,1,0,0,1,0,1,0,0,
1910673ffeb1c440,5d4be2ffcf0b3a0f3f33d901,prompted,switch,Q3,as,in,India,data/images/5d4be2ffcf0b3a0f3f33d901.jpg,the main household object in this image is a switch box,1,1,1,0,0,1,0,0,1,0,1,0,0,
ae8a6e07e5d19f84,5d4bdf05cf0b3a0f3f336fb3,prompted,light source,Q2,as,id,Indonesia,data/images/5d4bdf05cf0b3a0f3f336fb3.JPG,the main household object in this image is a light bulb,1,1,1,0,0,1,0,0,1,0,1,0,0,
b36f2bb489a6ec75,5d4be034cf0b3a0f3f338d08,prompted,switch,Q3,eu,nl,Netherlands,data/images/5d4be034cf0b3a0f3f338d08.JPG,the main household object in this image is a white wall switch,1,1,1,0,0,1,0,0,1,0,1,0,0,
cc2eea62a6b55d7c,5d4be15bcf0b3a0f3f33aee7,baseline,stove,Q2,am,br,Brazil,data/images/5d4be15bcf0b3a0f3f33aee7.JPG,a stove and a stove top in a kitchen,1,1,1,0,0,1,0,0,1,0,1,0,0,
09c1654535ebc192,5d4befa8cf0b3a0f3f353974,prompted,stove,Q4,am,mx,Mexico,data/images/5d4befa8cf0b3a0f3f353974.jpg,the main household object in this image is a stove,1,1,1,0,0,1,0,0,1,0,1,0,0,
b1a18f34eff5675b,5d4be106cf0b3a0f3f33a4fb,prompted,stove,Q4,as,in,India,data/images/5d4be106cf0b3a0f3f33a4fb.JPG,the main household object in this image is a gas stove,1,1,1,0,0,1,0,0,1,0,1,0,0,
bc3f23f87975c051,5ec4f60af4a4fb7dc0387c46,prompted,switch,Q4,am,co,Colombia,data/images/5ec4f60af4a4fb7dc0387c46.JPG,the main household object in this image is a wall light switch,1,1,1,0,0,1,0,0,1,0,1,0,0,
48410c1dd58323dd,5d4bf3a8cf0b3a0f3f35a67c,prompted,roof,Q1,af,bf,Burkina Faso,data/images/5d4bf3a8cf0b3a0f3f35a67c.jpg,the main household object in this image is a large piece of wood,1,1,1,0,0,1,0,0,1,0,1,0,0,
a536aa59e17d9b7c,5d4bed05cf0b3a0f3f34edce,baseline,stove,Q2,as,vn,Vietnam,data/images/5d4bed05cf0b3a0f3f34edce.jpg,a stove sitting on a table with a pot on it,1,1,1,0,0,1,0,1,0,1,1,0,1,
5636c72501c001e9,5d4bf2d6cf0b3a0f3f358fea,prompted,footwear,Q2,as,kh,Cambodia,data/images/5d4bf2d6cf0b3a0f3f358fea.jpg,the main household object in this image is a pair of shoes,1,1,1,0,0,1,0,0,1,0,1,0,0,
03a25e9f58209704,5d4be672cf0b3a0f3f343b09,baseline,footwear,Q3,af,tz,Tanzania,data/images/5d4be672cf0b3a0f3f343b09.jpg,a pair of white sneakers on a tiled floor,1,1,1,0,0,1,0,0,1,0,1,0,0,
1012b38e3f64ccdc,5d4beacdcf0b3a0f3f34b1d8,baseline,roof,Q1,as,in,India,data/images/5d4beacdcf0b3a0f3f34b1d8.jpg,a room with clothes hanging on a line,1,0,0,0,0,1,0,0,1,1,1,0,0,
dbbda4300520494a,5ec4f9e2f0611d7ddd741b33,baseline,roof,Q3,af,et,Ethiopia,data/images/5ec4f9e2f0611d7ddd741b33.JPG,a light that is on the ceiling,1,1,1,0,0,1,0,0,1,0,1,0,0,
8f6f71b7dd94fafa,5d4be956cf0b3a0f3f3486e4,baseline,trash container,Q3,eu,ua,Ukraine,data/images/5d4be956cf0b3a0f3f3486e4.jpg,a pile of garbage on the side of a road,1,1,1,0,0,1,0,0,1,0,1,0,0,
706cca6a1a78341f,5d4becb3cf0b3a0f3f34e59a,baseline,footwear,Q1,af,zw,Zimbabwe,data/images/5d4becb3cf0b3a0f3f34e59a.jpg,a pair of pink flip flops on a dirt covered ground,1,1,1,0,0,1,0,0,1,0,1,0,0,
8b6025494e0e7934,5ec4fb68f0611d7ddd7427d4,baseline,switch,Q2,am,co,Colombia,data/images/5ec4fb68f0611d7ddd7427d4.jpg,a white light switch on a wall,1,1,1,0,0,1,0,0,1,0,1,0,0,
c2d29a9497f84054,5d4bf08acf0b3a0f3f355178,prompted,footwear,Q1,af,ci,Cote d'Ivoire,data/images/5d4bf08acf0b3a0f3f355178.jpg,the main household object in this image is a pair of flip flops,1,1,1,0,0,1,0,0,1,0,1,0,0,
35363d427e13efd0,5d4bf349cf0b3a0f3f359cee,baseline,trash container,Q1,af,bi,Burundi,data/images/5d4bf349cf0b3a0f3f359cee.jpg,a small blue toy is in the dirt,1,0,0,0,0,1,0,0,1,1,0,0,0,
d84188c9ff201b03,5d4bf296cf0b3a0f3f35885a,baseline,footwear,Q3,as,cn,China,data/images/5d4bf296cf0b3a0f3f35885a.jpg,a rack of shoes,1,1,1,0,0,1,0,0,1,0,1,0,0,
912bc6ea1917cdd6,5d4bf168cf0b3a0f3f356784,baseline,switch,Q2,as,id,Indonesia,data/images/5d4bf168cf0b3a0f3f356784.jpg,a white wall outlet with a black cord,1,1,1,0,0,1,0,0,1,0,1,0,0,
dae5d0a9c58529c9,5d4bf131cf0b3a0f3f356206,prompted,roof,Q2,as,id,Indonesia,data/images/5d4bf131cf0b3a0f3f356206.jpg,the main household object in this image is a roof,1,1,1,0,0,1,0,0,1,0,1,0,0,
2f5ee8a24407a477,5d4be136cf0b3a0f3f33aa95,baseline,roof,Q4,as,in,India,data/images/5d4be136cf0b3a0f3f33aa95.jpg,a ceiling fan and a ceiling fan in a room,1,1,1,0,0,1,0,0,1,0,1,0,0,
4ed2594345777de0,5d4bef5dcf0b3a0f3f3531c6,baseline,roof,Q1,as,np,Nepal,data/images/5d4bef5dcf0b3a0f3f3531c6.jpg,a cross on a wooden cross,1,1,1,0,0,1,0,0,1,0,1,0,0,
c033c874d527dd50,5d4be014cf0b3a0f3f338aa4,prompted,switch,Q4,af,ng,Nigeria,data/images/5d4be014cf0b3a0f3f338aa4.JPG,the main household object in this image is a switch,1,1,1,0,0,1,0,0,1,0,1,0,0,
8672789081878ea5,5d4bef60cf0b3a0f3f353222,prompted,switch,Q4,as,np,Nepal,data/images/5d4bef60cf0b3a0f3f353222.jpg,the main household object in this image is a white switch,1,1,1,0,0,1,0,0,1,0,1,0,0,
6b6f81003ee71e76,5d4becffcf0b3a0f3f34ed6c,baseline,trash container,Q2,as,vn,Vietnam,data/images/5d4becffcf0b3a0f3f34ed6c.jpg,a green basket filled with ice and a bottle of water,1,1,1,0,0,1,1,1,1,0,1,0,1,
64b4328e3de52c38,5d4be1c8cf0b3a0f3f33b9cf,prompted,trash container,Q1,af,ke,Kenya,data/images/5d4be1c8cf0b3a0f3f33b9cf.JPG,the main household object in this image is a pile of garbage,1,1,1,0,0,1,0,0,1,0,1,0,0,
0d2f07fb59226545,5d4be134cf0b3a0f3f33aa59,prompted,trash container,Q4,as,in,India,data/images/5d4be134cf0b3a0f3f33aa59.jpg,the main household object in this image is a basket of food,0,1,0,0,0,1,1,0,0,1,0,0,0,
877285ea5b4cac87,5d4bde4dcf0b3a0f3f335e25,prompted,light source,Q3,am,us,United States,data/images/5d4bde4dcf0b3a0f3f335e25.jpg,the main household object in this image is a light,1,1,1,0,0,1,0,0,1,0,1,0,0,
034f26ae4e350851,5d4be0b0cf0b3a0f3f339b0b,baseline,light source,Q3,as,in,India,data/images/5d4be0b0cf0b3a0f3f339b0b.jpg,a room with a refrigerator and a sink,0,1,0,0,0,1,1,0,0,1,0,0,1,
3a3117d3921e195e,5d4befa5cf0b3a0f3f353924,baseline,trash container,Q4,am,mx,Mexico,data/images/5d4befa5cf0b3a0f3f353924.jpg,a trash can be seen in the corner of a door,1,1,1,0,0,1,0,0,1,0,1,0,0,
a66e16f6fef9ff39,5d4bef87cf0b3a0f3f3536b6,prompted,trash container,Q3,am,mx,Mexico,data/images/5d4bef87cf0b3a0f3f3536b6.jpg,the main household object in this image is a plastic container with a plastic ball inside,1,0,0,0,0,1,1,1,1,1,1,0,1,
d3a78b47f95b69a5,5ec4fb02f0611d7ddd742487,prompted,stove,Q3,am,co,Colombia,data/images/5ec4fb02f0611d7ddd742487.jpg,the main household object in this image is a gas stove,1,1,1,0,0,1,0,0,1,0,1,0,0,
467fd6f1aa2c8f05,5ec4f90ef0611d7ddd741415,baseline,light source,Q4,eu,es,Spain,data/images/5ec4f90ef0611d7ddd741415.jpg,a lamp on a nightstand next to a bed,1,1,1,0,0,1,0,0,1,0,1,0,0,
da8e56098e0a4d6f,5d4bf349cf0b3a0f3f359cee,prompted,trash container,Q1,af,bi,Burundi,data/images/5d4bf349cf0b3a0f3f359cee.jpg,the main household object in this image is a blue plastic cup,1,1,1,0,0,1,0,0,1,0,1,0,0,
4af5778c46ea30bd,5fa329ada4fd6103df5dff73,prompted,roof,Q3,am,co,Colombia,data/images/5fa329ada4fd6103df5dff73.jpeg,the main household object in this image is a broken ceiling,1,1,1,0,0,1,0,1,0,1,1,0,1,
28cd3828db12d420,5ec4f9f2f0611d7ddd741bae,baseline,roof,Q2,af,et,Ethiopia,data/images/5ec4f9f2f0611d7ddd741bae.JPG,a large tunnel with a long metal tube,0,0,1,0,0,1,1,1,1,0,0,0,1,
136e36648b589b82,5d4be3ffcf0b3a0f3f33f4fa,baseline,switch,Q2,af,cm,Cameroon,data/images/5d4be3ffcf0b3a0f3f33f4fa.jpg,a picture of a woman hanging on a wall,0,1,0,0,0,1,0,0,1,1,0,0,0,
061db7ee42bc2123,5ec4f948f0611d7ddd741601,prompted,stove,Q4,as,in,India,data/images/5ec4f948f0611d7ddd741601.JPG,the main household object in this image is a gas stove,1,1,1,0,0,1,0,0,1,0,1,0,0,
5e282a9a24000573,5fa325b3a4fd6154365dfcd4,baseline,switch,Q3,am,co,Colombia,data/images/5fa325b3a4fd6154365dfcd4.jpeg,a white light switch and a white light switch,1,1,1,0,0,1,0,1,0,1,1,0,0,
9ad7bd1a5bd9ce2e,5ec4fba1f0611d7ddd7429bc,prompted,light source,Q3,am,co,Colombia,data/images/5ec4fba1f0611d7ddd7429bc.jpg,the main household object in this image is a ceiling,1,1,1,0,0,1,0,0,1,0,1,0,0,
f373913fcd41d6eb,5f8c634fe894f07b8477dfbe,baseline,switch,Q2,as,pk,Pakistan,data/images/5f8c634fe894f07b8477dfbe.jpg,a white electrical outlet with a white light,1,1,1,0,0,1,0,0,1,0,1,0,0,
04f5f4721da7583c,5d4be0ddcf0b3a0f3f33a03d,prompted,stove,Q4,eu,nl,Netherlands,data/images/5d4be0ddcf0b3a0f3f33a03d.JPG,the main household object in this image is a stove,1,1,1,0,0,1,0,0,1,0,1,0,0,
dd47348572965b1a,5d4bf260cf0b3a0f3f3582cc,baseline,switch,Q1,am,co,Colombia,data/images/5d4bf260cf0b3a0f3f3582cc.jpg,a bottle of beer is being held up,0,0,1,0,0,1,1,1,1,0,0,0,1,
549fb091a1b4a064,5d4bf191cf0b3a0f3f356bb4,prompted,trash container,Q2,as,in,India,data/images/5d4bf191cf0b3a0f3f356bb4.jpg,the main household object in this image is a dog,1,1,1,0,0,1,0,0,1,0,1,0,0,
8845a53a5c6ac320,5d4befa5cf0b3a0f3f353924,prompted,trash container,Q4,am,mx,Mexico,data/images/5d4befa5cf0b3a0f3f353924.jpg,the main household object in this image is a trash can,1,1,1,0,0,1,0,0,1,0,1,0,0,
e243cbcca236a156,5edfe79012a022abbc87ea5a,prompted,footwear,Q3,as,np,Nepal,data/images/5edfe79012a022abbc87ea5a.jpg,the main household object in this image is a broom,1,1,1,0,0,1,0,0,1,0,1,0,0,
ca466f1dbc74f288,5d4be798cf0b3a0f3f345bb4,prompted,roof,Q1,as,bd,Bangladesh,data/images/5d4be798cf0b3a0f3f345bb4.jpg,the main household object in this image is a wooden box,0,0,1,0,0,1,0,0,1,0,0,0,0,
94cd8c804c65295e,5edfe79012a022abbc87ea5a,baseline,footwear,Q3,as,np,Nepal,data/images/5edfe79012a022abbc87ea5a.jpg,a woman is cleaning a room with a broom,1,1,1,0,0,1,0,0,1,0,1,0,0,
e0b502d881c4d431,5d4bf131cf0b3a0f3f356206,baseline,roof,Q2,as,id,Indonesia,data/images/5d4bf131cf0b3a0f3f356206.jpg,a roof with a broken tile on it,1,1,1,0,0,1,0,0,1,0,1,0,0,
3cc4034c478bcd67,5d4be798cf0b3a0f3f345bb4,baseline,roof,Q1,as,bd,Bangladesh,data/images/5d4be798cf0b3a0f3f345bb4.jpg,a pile of wood,1,1,1,0,0,1,0,0,1,0,1,0,0,
877a60eef78ccba9,5d4bf0b4cf0b3a0f3f3555cc,baseline,light source,Q1,af,ci,Cote d'Ivoire,data/images/5d4bf0b4cf0b3a0f3f3555cc.jpg,a red stove on the ground,0,0,1,0,0,1,1,1,1,0,0,0,1,
961952dc2ab269d6,5ec4f9f2f0611d7ddd741bae,prompted,roof,Q2,af,et,Ethiopia,data/images/5ec4f9f2f0611d7ddd741bae.JPG,the main household object in this image is a large tube,1,0,0,0,0,1,0,0,1,1,0,0,0,
d69860036ab1660f,5ec4f86df0611d7ddd740eb2,baseline,roof,Q3,as,ir,Iran,data/images/5ec4f86df0611d7ddd740eb2.jpg,a roof with a broken roof and a broken roof,1,1,1,0,0,1,0,0,1,0,1,0,0,
021fa48fa814840f,5d4bea54cf0b3a0f3f34a3ac,prompted,roof,Q2,as,in,India,data/images/5d4bea54cf0b3a0f3f34a3ac.jpg,the main household object in this image is a wooden pole,1,1,1,0,0,1,0,0,1,0,1,0,0,
045bc3d08acab64b,5d4beff5cf0b3a0f3f354210,prompted,stove,Q1,af,mw,Malawi,data/images/5d4beff5cf0b3a0f3f354210.jpg,the main household object in this image is a fire pit,1,1,1,0,0,1,0,0,1,0,1,0,0,
3f2d5c5ce0f74904,5d4bdf9ecf0b3a0f3f337f0b,prompted,footwear,Q4,eu,ch,Switzerland,data/images/5d4bdf9ecf0b3a0f3f337f0b.JPG,the main household object in this image is a pair of shoes,1,1,1,0,0,1,0,0,1,0,1,0,0,
ac849a9834b0909c,5d4bde4dcf0b3a0f3f335e25,baseline,light source,Q3,am,us,United States,data/images/5d4bde4dcf0b3a0f3f335e25.jpg,a light that is on above a sink,1,1,1,0,0,1,0,0,1,0,1,0,0,
f109940fc80689f3,5d4be956cf0b3a0f3f3486e4,prompted,trash container,Q3,eu,ua,Ukraine,data/images/5d4be956cf0b3a0f3f3486e4.jpg,the main household object in this image is a dump,1,1,1,0,0,1,0,0,1,0,1,0,0,
3d2c294b6d37b25a,5d4be2ffcf0b3a0f3f33d901,baseline,switch,Q3,as,in,India,data/images/5d4be2ffcf0b3a0f3f33d901.jpg,a white light switch,1,1,1,0,0,1,0,0,1,0,1,0,0,
5aaf26c6f3327dcc,5d4be048cf0b3a0f3f338f18,prompted,stove,Q4,am,us,United States,data/images/5d4be048cf0b3a0f3f338f18.jpg,the main household object in this image is a kettle and a kettle on the stove,1,1,1,0,0,1,0,0,1,0,1,0,0,
a8915041de0974b0,5d4bf377cf0b3a0f3f35a144,baseline,roof,Q1,af,bf,Burkina Faso,data/images/5d4bf377cf0b3a0f3f35a144.jpg,a close up of a metal curtain with rust,1,0,0,0,0,1,0,0,1,1,0,0,0,
ee37d5d8ab19b2df,5ec4fb02f0611d7ddd742487,baseline,stove,Q3,am,co,Colombia,data/images/5ec4fb02f0611d7ddd742487.jpg,a stove with a pot on top of it,1,1,1,0,0,1,0,0,1,0,1,0,0,
a000989306273eed,5d4bea54cf0b3a0f3f34a3ac,baseline,roof,Q2,as,in,India,data/images/5d4bea54cf0b3a0f3f34a3ac.jpg,a wall with a wooden beam in it,1,1,1,0,0,1,0,0,1,0,1,0,0,
498b32916eadfd86,5ec4fad3f0611d7ddd7422fa,baseline,footwear,Q2,af,gh,Ghana,data/images/5ec4fad3f0611d7ddd7422fa.jpg,a man standing on a dirt covered ground,1,1,1,0,0,1,0,0,1,0,1,0,0,
b38a7aa18c06203f,5ec4f91cf0611d7ddd74148c,prompted,light source,Q4,eu,es,Spain,data/images/5ec4f91cf0611d7ddd74148c.jpg,the main household object in this image is a lamp,1,1,1,0,0,1,0,0,1,0,1,0,0,
8f42ed0c718e0dfa,5d4bf3e7cf0b3a0f3f35abe2,baseline,trash container,Q2,am,bo,Bolivia,data/images/5d4bf3e7cf0b3a0f3f35abe2.jpg,a pile of trash on the side of a road,1,1,1,0,0,1,0,0,1,0,1,0,0,
38f2a7fdf275f2f2,5d4be014cf0b3a0f3f338aa4,baseline,switch,Q4,af,ng,Nigeria,data/images/5d4be014cf0b3a0f3f338aa4.JPG,a white light switch and a white wall,1,1,1,0,0,1,0,0,1,0,1,0,0,
7bf2d77e1372dbab,5d4bf2fbcf0b3a0f3f359462,baseline,roof,Q2,am,bo,Bolivia,data/images/5d4bf2fbcf0b3a0f3f359462.jpg,a cat is sitting on a red floor,0,0,1,0,0,1,1,1,1,0,0,0,1,
393183e3caf2d822,5d4bdf79cf0b3a0f3f337b57,baseline,trash container,Q3,eu,rs,Serbia,data/images/5d4bdf79cf0b3a0f3f337b57.jpg,a plastic bag filled with food and a bag of chips,1,1,1,0,0,1,0,0,1,0,1,0,0,
ef7ef50091d093ca,5d4be196cf0b3a0f3f33b4c3,prompted,light source,Q2,am,br,Brazil,data/images/5d4be196cf0b3a0f3f33b4c3.jpg,the main household object in this image is a shower head,0,0,1,0,0,1,1,1,1,0,0,0,1,
8a71aaa81e1c6cd4,5d4be1cbcf0b3a0f3f33ba21,baseline,light source,Q1,af,ke,Kenya,data/images/5d4be1cbcf0b3a0f3f33ba21.JPG,a small red can sitting on a ledge,1,1,1,0,0,1,0,0,1,0,1,0,0,
2ab1a6e2955af7bf,5d4bdfb1cf0b3a0f3f33809d,prompted,light source,Q3,eu,nl,Netherlands,data/images/5d4bdfb1cf0b3a0f3f33809d.jpg,the main household object in this image is a lamp,1,1,1,0,0,1,0,0,1,0,1,0,0,
43d84397d8efe842,5d4be657cf0b3a0f3f3437e9,baseline,light source,Q3,as,cn,China,data/images/5d4be657cf0b3a0f3f3437e9.JPG,a light that is on the ceiling in a room,1,1,1,0,0,1,0,0,1,0,1,0,0,
124d8df2a2ccb4b5,5d4be6b3cf0b3a0f3f344270,prompted,footwear,Q4,as,cn,China,data/images/5d4be6b3cf0b3a0f3f344270.JPG,the main household object in this image is a shoe rack,1,1,1,0,0,1,0,0,1,0,1,0,0,
e3ba39a9979eb5b3,5ec4fa89f0611d7ddd742087,prompted,roof,Q2,am,br,Brazil,data/images/5ec4fa89f0611d7ddd742087.jpg,the main household object in this image is a television,0,0,1,0,0,1,1,1,1,0,0,0,1,
96e06802abff940d,5d4be09bcf0b3a0f3f3398ab,prompted,roof,Q3,am,br,Brazil,data/images/5d4be09bcf0b3a0f3f3398ab.JPG,the main household object in this image is a light,1,1,1,0,0,1,0,0,1,0,1,0,0,
9a3fdf7bcb4653fd,5d4bf08acf0b3a0f3f355178,baseline,footwear,Q1,af,ci,Cote d'Ivoire,data/images/5d4bf08acf0b3a0f3f355178.jpg,a pair of dirty shoes on the ground,1,1,1,0,0,1,0,0,1,0,1,0,0,
6b2df531511a2dbb,5d4be76ecf0b3a0f3f3456e8,prompted,stove,Q2,as,id,Indonesia,data/images/5d4be76ecf0b3a0f3f3456e8.jpg,the main household object in this image is a pan and a bowl,1,1,1,0,0,1,0,0,1,0,1,0,0,
949d8d9de32154a4,5d4be1bbcf0b3a0f3f33b8c9,prompted,stove,Q4,am,br,Brazil,data/images/5d4be1bbcf0b3a0f3f33b8c9.jpg,the main household object in this image is a stove,1,1,1,0,0,1,0,0,1,0,1,0,0,
fd4c26115d59a6e6,5d4bf05ccf0b3a0f3f354caa,prompted,roof,Q1,af,lr,Liberia,data/images/5d4bf05ccf0b3a0f3f354caa.jpg,the main household object in this image is a wooden ceiling,1,1,1,0,0,1,0,0,1,0,1,0,0,
24207598b5ebac16,5d4bf2c2cf0b3a0f3f358d9c,baseline,footwear,Q1,as,kh,Cambodia,data/images/5d4bf2c2cf0b3a0f3f358d9c.jpg,a pair of red and white shoes on the ground,1,1,1,0,0,1,0,0,1,0,1,0,0,
a8dfd59f795ea04b,5d4be0b0cf0b3a0f3f339b0b,prompted,light source,Q3,as,in,India,data/images/5d4be0b0cf0b3a0f3f339b0b.jpg,the main household object in this image is a refrigerator,0,1,0,0,0,1,1,0,0,1,0,0,1,
ae85a0433e7a28a6,5d4bdf9ecf0b3a0f3f337f0b,baseline,footwear,Q4,eu,ch,Switzerland,data/images/5d4bdf9ecf0b3a0f3f337f0b.JPG,a pair of shoes on the ground,1,1,1,0,0,1,0,0,1,0,1,0,0,
b0c6ac2e45b17aa1,5ec4fa3cf0611d7ddd741e2c,prompted,trash container,Q4,af,et,Ethiopia,data/images/5ec4fa3cf0611d7ddd741e2c.JPG,the main household object in this image is a purple trash can,1,1,1,0,0,1,0,0,1,0,1,0,0,
56e738265a847140,5ec4f9e1f0611d7ddd741b27,baseline,trash container,Q3,af,et,Ethiopia,data/images/5ec4f9e1f0611d7ddd741b27.JPG,a bag of garbage sitting in front of a green wall,1,1,1,0,0,1,0,0,1,0,1,0,0,
ec8e3e42b8afa36b,5d4bf40ecf0b3a0f3f35afd2,prompted,trash container,Q3,as,cn,China,data/images/5d4bf40ecf0b3a0f3f35afd2.jpg,the main household object in this image is a toilet,0,0,1,0,0,1,1,1,1,0,0,0,1,
0a7d14f8653f62dc,5ec4fb81f0611d7ddd7428b0,baseline,light source,Q2,am,co,Colombia,data/images/5ec4fb81f0611d7ddd7428b0.jpg,a white ceiling with a light on it,1,1,1,0,0,1,0,0,1,0,1,0,0,
faad47a731028839,5ec4fb80f0611d7ddd7428aa,baseline,footwear,Q2,am,co,Colombia,data/images/5ec4fb80f0611d7ddd7428aa.jpg,a pair of white sandals on a wooden floor,1,1,1,0,0,1,0,1,0,1,1,0,0,
6e57aa27a3fd944f,5d4bdf81cf0b3a0f3f337c37,prompted,footwear,Q4,eu,ro,Romania,data/images/5d4bdf81cf0b3a0f3f337c37.jpg,the main household object in this image is a pair of shoes,1,1,1,0,0,1,0,0,1,0,1,0,0,
501cb32d82294ff2,5d4beeb5cf0b3a0f3f351e3c,prompted,trash container,Q1,as,ph,Philippines,data/images/5d4beeb5cf0b3a0f3f351e3c.jpg,the main household object in this image is a green plastic container,1,1,1,0,0,1,0,0,1,0,1,0,0,
ebca5f253e923e0d,5ec4f831f0611d7ddd740cab,prompted,switch,Q4,am,us,United States,data/images/5ec4f831f0611d7ddd740cab.JPG,the main household object in this image is a light switch,1,1,1,0,0,1,0,0,1,0,1,0,0,
2759dccdff0b2316,5d4bdf79cf0b3a0f3f337b57,prompted,trash container,Q3,eu,rs,Serbia,data/images/5d4bdf79cf0b3a0f3f337b57.jpg,the main household object in this image is a plastic bag,1,1,1,0,0,1,0,0,1,0,1,0,0,
89e279f9ee766994,5d4be672cf0b3a0f3f343b19,baseline,light source,Q3,af,tz,Tanzania,data/images/5d4be672cf0b3a0f3f343b19.jpg,a light that is on the ceiling,1,1,1,0,0,1,0,0,1,0,1,0,0,
0e1d9bfd6ee4517a,5ec4f989f0611d7ddd74182b,baseline,switch,Q2,af,cm,Cameroon,data/images/5ec4f989f0611d7ddd74182b.jpg,a light switch on the wall in a room,1,1,1,0,0,1,0,0,1,0,1,0,0,
4dc7d3863812f16e,5d4bdefccf0b3a0f3f336ec5,prompted,roof,Q2,eu,rs,Serbia,data/images/5d4bdefccf0b3a0f3f336ec5.jpg,the main household object in this image is a roof,1,1,1,0,0,1,0,0,1,0,1,0,0,
2f83ecc594d5dd39,5d4befc5cf0b3a0f3f353ce2,prompted,stove,Q1,af,mw,Malawi,data/images/5d4befc5cf0b3a0f3f353ce2.jpg,"the main household object in this image is a knife, a knife, and a knife in the fore",0,0,1,0,0,1,1,1,1,0,0,0,1,
5c67a454e13434da,5d4bef5fcf0b3a0f3f353214,baseline,footwear,Q4,as,np,Nepal,data/images/5d4bef5fcf0b3a0f3f353214.jpg,a pair of black and green sandals,1,1,1,0,0,1,0,0,1,0,1,0,0,
6a2a1a0b51c4cc7a,5d4bf271cf0b3a0f3f3583da,baseline,light source,Q1,am,co,Colombia,data/images/5d4bf271cf0b3a0f3f3583da.jpg,a room with a ceiling and a light,1,1,1,0,0,1,0,0,1,0,1,0,0,
f33a176f3bc9e219,5d4be417cf0b3a0f3f33f7d4,prompted,roof,Q4,eu,gb,United Kingdom,data/images/5d4be417cf0b3a0f3f33f7d4.JPG,the main household object in this image is a ceiling light,1,1,1,0,0,1,0,0,1,0,1,0,0,
4fef6fde916bf494,5ec4f919f0611d7ddd741478,baseline,switch,Q4,eu,es,Spain,data/images/5ec4f919f0611d7ddd741478.jpg,a white light switch on a tiled wall,1,1,1,0,0,1,0,0,1,0,1,0,0,
a5147058350df1fa,5d4be1cbcf0b3a0f3f33ba21,prompted,light source,Q1,af,ke,Kenya,data/images/5d4be1cbcf0b3a0f3f33ba21.JPG,the main household object in this image is a can of coke,0,1,0,0,0,1,1,1,1,1,0,0,1,
c74dd23ed5177383,5ec4fa7bf0611d7ddd74200b,prompted,stove,Q2,am,br,Brazil,data/images/5ec4fa7bf0611d7ddd74200b.jpg,the main household object in this image is a stove,1,1,1,0,0,1,0,0,1,0,1,0,0,
448cd788f8b087f4,5d4bf2c2cf0b3a0f3f358d9c,prompted,footwear,Q1,as,kh,Cambodia,data/images/5d4bf2c2cf0b3a0f3f358d9c.jpg,the main household object in this image is a pair of shoes,1,1,1,0,0,1,0,0,1,0,1,0,0,
99b4d550649af9f4,5d4bebdccf0b3a0f3f34d03d,prompted,roof,Q4,am,us,United States,data/images/5d4bebdccf0b3a0f3f34d03d.jpg,the main household object in this image is a window,1,1,1,0,0,1,0,0,1,0,1,0,0,
759cfee4cb57f877,5d4bf2fbcf0b3a0f3f359462,prompted,roof,Q2,am,bo,Bolivia,data/images/5d4bf2fbcf0b3a0f3f359462.jpg,the main household object in this image is a red wall,1,1,1,0,0,1,0,0,1,0,1,0,0,
879e18092dd02990,5d4beebecf0b3a0f3f351f34,prompted,footwear,Q1,as,ph,Philippines,data/images/5d4beebecf0b3a0f3f351f34.jpg,the main household object in this image is a pair of flip flops,1,1,1,0,0,1,0,0,1,0,1,0,0,
a1b78dfae0ab559c,5ec4f845f0611d7ddd740d5c,baseline,trash container,Q4,am,us,United States,data/images/5ec4f845f0611d7ddd740d5c.JPG,a stainless refrigerator sitting on a wooden floor,0,0,1,0,0,1,1,1,1,0,0,0,1,
78ccb4cf816a2332,5ec4f9e2f0611d7ddd741b33,prompted,roof,Q3,af,et,Ethiopia,data/images/5ec4f9e2f0611d7ddd741b33.JPG,the main household object in this image is a light bulb,1,1,1,0,0,1,0,0,1,0,1,0,0,
19d1f8e7a899d4a0,5d4be118cf0b3a0f3f33a717,baseline,light source,Q4,as,in,India,data/images/5d4be118cf0b3a0f3f33a717.jpeg,a black light on a table,1,1,1,0,0,1,0,0,1,0,1,0,0,
443aad2bc20222b4,5d4be03ccf0b3a0f3f338dde,baseline,light source,Q3,af,ng,Nigeria,data/images/5d4be03ccf0b3a0f3f338dde.JPG,a chandel with three lights on a ceiling,1,1,1,0,0,1,0,1,0,1,1,0,0,
5e9e9bf5e2b6b671,5d4bf0b4cf0b3a0f3f3555cc,prompted,light source,Q1,af,ci,Cote d'Ivoire,data/images/5d4bf0b4cf0b3a0f3f3555cc.jpg,the main household object in this image is a red gas stove,0,0,1,0,0,1,1,1,1,0,0,0,1,
ca312b6315969d38,5d4be7b6cf0b3a0f3f345f1c,baseline,trash container,Q1,as,bd,Bangladesh,data/images/5d4be7b6cf0b3a0f3f345f1c.jpg,a pile of trash on the ground,1,1,1,0,0,1,0,0,1,0,1,0,0,
623c031f7bdd86e4,5d4bed75cf0b3a0f3f34fa6a,prompted,stove,Q1,af,tn,Tunisia,data/images/5d4bed75cf0b3a0f3f34fa6a.jpg,the main household object in this image is a gas can,1,1,1,0,0,1,0,0,1,0,1,0,0,
6eaa3cc7b69fa736,5d4bf150cf0b3a0f3f356534,baseline,stove,Q1,as,id,Indonesia,data/images/5d4bf150cf0b3a0f3f356534.jpg,a table with a stove and a pot on it,1,1,1,0,0,1,0,0,1,0,1,0,0,
6b7324a197eb9ca6,5d4bf168cf0b3a0f3f356784,prompted,switch,Q2,as,id,Indonesia,data/images/5d4bf168cf0b3a0f3f356784.jpg,the main household object in this image is a plug,1,1,1,0,0,1,0,0,1,0,1,0,0,
92ed1674c2b60f3d,5d4beecccf0b3a0f3f3520d2,baseline,switch,Q1,as,ph,Philippines,data/images/5d4beecccf0b3a0f3f3520d2.jpg,a white light switch on a wooden wall,1,1,1,0,0,1,0,0,1,0,1,0,0,
c8436cc5dc545604,5d4bef5dcf0b3a0f3f3531c6,prompted,roof,Q1,as,np,Nepal,data/images/5d4bef5dcf0b3a0f3f3531c6.jpg,the main household object in this image is a cross,1,1,1,0,0,1,0,0,1,0,1,0,0,
5367dea563641165,5d4be672cf0b3a0f3f343b19,prompted,light source,Q3,af,tz,Tanzania,data/images/5d4be672cf0b3a0f3f343b19.jpg,the main household object in this image is a light fixture,1,1,1,0,0,1,0,0,1,0,1,0,0,
0f11808bef9ee6f2,5d4bef59cf0b3a0f3f353156,baseline,stove,Q1,as,np,Nepal,data/images/5d4bef59cf0b3a0f3f353156.jpg,a frying pan on a stove in a kitchen,1,1,1,0,0,1,0,0,1,0,1,0,0,
e8695be994a2acef,5d4be176cf0b3a0f3f33b207,prompted,stove,Q2,am,br,Brazil,data/images/5d4be176cf0b3a0f3f33b207.jpg,the main household object in this image is a stove,1,1,1,0,0,1,0,0,1,0,1,0,0,
5905ec0e858c673c,5d4be6b3cf0b3a0f3f344270,baseline,footwear,Q4,as,cn,China,data/images/5d4be6b3cf0b3a0f3f344270.JPG,a shelf with a bunch of shoes on it,1,1,1,0,0,1,0,0,1,0,1,0,0,
a93d1991d712cf9a,5d4be106cf0b3a0f3f33a4fb,baseline,stove,Q4,as,in,India,data/images/5d4be106cf0b3a0f3f33a4fb.JPG,a stove with blue flames on it,1,1,1,0,0,1,0,0,1,0,1,0,0,
961e65bd5932d636,5d4becb3cf0b3a0f3f34e59a,prompted,footwear,Q1,af,zw,Zimbabwe,data/images/5d4becb3cf0b3a0f3f34e59a.jpg,the main household object in this image is a pair of flip flops,1,1,1,0,0,1,0,0,1,0,1,0,0,
4eca8ea6a77bd67f,5d4becffcf0b3a0f3f34ed6c,prompted,trash container,Q2,as,vn,Vietnam,data/images/5d4becffcf0b3a0f3f34ed6c.jpg,the main household object in this image is a basket of ice,0,1,0,0,0,1,1,1,1,1,1,0,1,
8b7717f5bc78fd79,5d4bf2a9cf0b3a0f3f358a8e,prompted,light source,Q4,as,cn,China,data/images/5d4bf2a9cf0b3a0f3f358a8e.jpg,the main household object in this image is a ceiling light,1,1,1,0,0,1,0,0,1,0,1,0,0,
e7181ff646185adb,5d4becefcf0b3a0f3f34eb88,prompted,light source,Q1,af,zw,Zimbabwe,data/images/5d4becefcf0b3a0f3f34eb88.jpg,the main household object in this image is a plane flying through the clouds,0,0,1,0,0,1,1,1,1,0,0,0,1,
bf17a59d8f35f7c9,5d4be672cf0b3a0f3f343b13,prompted,stove,Q3,af,tz,Tanzania,data/images/5d4be672cf0b3a0f3f343b13.jpg,the main household object in this image is a microwave,1,1,1,0,0,1,0,0,1,0,1,0,0,
8cb9cb8173b2d9be,5d4beab2cf0b3a0f3f34aea4,baseline,switch,Q1,as,in,India,data/images/5d4beab2cf0b3a0f3f34aea4.jpg,a green electrical panel,1,1,1,0,0,1,0,0,1,0,1,0,0,
137407f2c9c84d61,5d4bdf26cf0b3a0f3f337341,prompted,footwear,Q2,af,tg,Togo,data/images/5d4bdf26cf0b3a0f3f337341.JPG,the main household object in this image is a pair of sandals,1,1,1,0,0,1,0,0,1,0,1,0,0,
108a77c12bec78b4,5d4be02fcf0b3a0f3f338c7c,baseline,roof,Q3,eu,nl,Netherlands,data/images/5d4be02fcf0b3a0f3f338c7c.JPG,a white wall with a light on it,1,1,1,0,0,1,0,0,1,0,1,0,0,
ac671ab227049c0a,5d4be7afcf0b3a0f3f345e48,prompted,trash container,Q1,as,bd,Bangladesh,data/images/5d4be7afcf0b3a0f3f345e48.jpg,the main household object in this image is a bucket,1,1,1,0,0,1,0,0,1,0,1,0,0,
9168d256c859acc3,5f8dfa6069531c2f81fdef7f,prompted,light source,Q2,as,pk,Pakistan,data/images/5f8dfa6069531c2f81fdef7f.jpg,the main household object in this image is a white refrigerator,0,0,1,0,0,1,1,1,1,0,0,0,1,
d8fba9ba22e239f2,5d4be22ecf0b3a0f3f33c475,baseline,stove,Q3,af,eg,Egypt,data/images/5d4be22ecf0b3a0f3f33c475.JPG,a stove with a blue kettle on top of it,1,1,1,0,0,1,0,0,1,0,1,0,0,
20f616349854144c,5d4bed05cf0b3a0f3f34edce,prompted,stove,Q2,as,vn,Vietnam,data/images/5d4bed05cf0b3a0f3f34edce.jpg,the main household object in this image is a stove,1,1,1,0,0,1,0,0,1,0,1,0,0,
d027dd10f7204092,5ec4fb67f0611d7ddd7427d0,prompted,footwear,Q2,am,co,Colombia,data/images/5ec4fb67f0611d7ddd7427d0.jpg,the main household object in this image is a rack of shoes,1,1,1,0,0,1,0,0,1,0,1,0,0,
bf054a8d00e9d4ed,5d4be752cf0b3a0f3f3453ca,baseline,light source,Q1,as,mm,Myanmar,data/images/5d4be752cf0b3a0f3f3453ca.jpg,a view of a river from a hut,1,1,1,0,0,1,0,0,1,0,1,0,0,
6b45f9af5defd004,5d4bebdccf0b3a0f3f34d03d,baseline,roof,Q4,am,us,United States,data/images/5d4bebdccf0b3a0f3f34d03d.jpg,a roof with a window,1,1,1,0,0,1,0,0,1,0,1,0,0,
bb21becb90ed84b1,5d4beab0cf0b3a0f3f34ae70,prompted,light source,Q1,as,in,India,data/images/5d4beab0cf0b3a0f3f34ae70.jpg,the main household object in this image is a ceiling,1,1,1,0,0,1,0,0,1,0,1,0,0,
007d55b2a282e84a,5d4bf18bcf0b3a0f3f356b06,prompted,trash container,Q3,as,in,India,data/images/5d4bf18bcf0b3a0f3f356b06.jpg,the main household object in this image is a paper bag,1,1,1,0,0,1,0,0,1,0,1,0,0,
f729f54c92bc96ed,5d4be136cf0b3a0f3f33aa95,prompted,roof,Q4,as,in,India,data/images/5d4be136cf0b3a0f3f33aa95.jpg,the main household object in this image is a ceiling fan,1,1,1,0,0,1,0,0,1,0,1,0,0,
7a1001ee9f1befcb,5ec4f86df0611d7ddd740eb5,baseline,switch,Q3,as,ir,Iran,data/images/5ec4f86df0611d7ddd740eb5.jpg,a white toilet with a white toilet seat,0,0,1,0,0,1,1,1,1,0,0,0,1,
b9982276a7623326,5d4be672cf0b3a0f3f343b09,prompted,footwear,Q3,af,tz,Tanzania,data/images/5d4be672cf0b3a0f3f343b09.jpg,the main household object in this image is a pair of shoes,1,1,1,0,0,1,0,0,1,0,1,0,0,
0277976e8f1e482f,5d4bf40ecf0b3a0f3f35afd2,baseline,trash container,Q3,as,cn,China,data/images/5d4bf40ecf0b3a0f3f35afd2.jpg,a dirty toilet with a plastic bag on the floor,0,0,1,0,0,1,1,1,1,0,0,0,1,
b9c03b8d4ab74dc3,5d4bec7acf0b3a0f3f34dfca,baseline,switch,Q1,as,bd,Bangladesh,data/images/5d4bec7acf0b3a0f3f34dfca.jpg,a white electrical outlet on a metal surface,1,1,1,0,0,1,0,0,1,0,1,0,0,
2e44064f45d268c7,5ec4fa8ff0611d7ddd7420b5,baseline,light source,Q2,am,br,Brazil,data/images/5ec4fa8ff0611d7ddd7420b5.jpg,a bird cage hanging from the ceiling of a room,1,1,1,0,0,1,0,0,1,0,1,0,0,
305790fc839e75bd,5d4be664cf0b3a0f3f343977,prompted,light source,Q1,am,pe,Peru,data/images/5d4be664cf0b3a0f3f343977.JPG,the main household object in this image is a white plastic pipe,0,0,1,0,0,1,1,1,1,0,0,0,1,
eb773f46566cdf9f,5d4beebecf0b3a0f3f351f34,baseline,footwear,Q1,as,ph,Philippines,data/images/5d4beebecf0b3a0f3f351f34.jpg,a pair of flip flops sitting on the ground,1,1,1,0,0,1,0,0,1,0,1,0,0,
ea0c77ef5e254dbe,5d4be657cf0b3a0f3f3437e9,prompted,light source,Q3,as,cn,China,data/images/5d4be657cf0b3a0f3f3437e9.JPG,the main household object in this image is a light,1,1,1,0,0,1,0,0,1,0,1,0,0,
d13185a7d8047560,5d4bdf17cf0b3a0f3f337195,baseline,switch,Q2,as,id,Indonesia,data/images/5d4bdf17cf0b3a0f3f337195.JPG,a broken light switch on a wall,1,1,1,0,0,1,0,1,0,1,1,0,1,
fc3ec03294b2b4d6,5d4be7b3cf0b3a0f3f345ec4,prompted,stove,Q1,as,bd,Bangladesh,data/images/5d4be7b3cf0b3a0f3f345ec4.jpg,the main household object in this image is a pot,1,1,1,0,0,1,0,0,1,0,1,0,0,
23c382736a2dba0d,5ec4fa30f0611d7ddd741dbe,baseline,stove,Q2,af,et,Ethiopia,data/images/5ec4fa30f0611d7ddd741dbe.JPG,a stove with two burners on a table,1,1,1,0,0,1,0,0,1,0,1,0,0,
94aa437818737630,5d4bdf17cf0b3a0f3f337195,prompted,switch,Q2,as,id,Indonesia,data/images/5d4bdf17cf0b3a0f3f337195.JPG,the main household object in this image is a broken light switch,1,1,1,0,0,1,0,1,0,1,1,0,1,
ae0ec422b7c68350,5d4be76ecf0b3a0f3f3456e8,baseline,stove,Q2,as,id,Indonesia,data/images/5d4be76ecf0b3a0f3f3456e8.jpg,a kitchen with a stove and a pan on the stove,1,1,1,0,0,1,0,0,1,0,1,0,0,
d2cf023f8a192ae4,5ec4f5c4f4a4fb7dc03879d4,prompted,trash container,Q4,eu,ru,Russia,data/images/5ec4f5c4f4a4fb7dc03879d4.jpg,the main household object in this image is a yellow trash can,1,1,1,0,0,1,0,0,1,0,1,0,0,
071ff5987080ff1c,5d4bdf26cf0b3a0f3f337341,baseline,footwear,Q2,af,tg,Togo,data/images/5d4bdf26cf0b3a0f3f337341.JPG,a person standing on a step with their feet up,1,1,1,0,0,1,0,0,1,0,1,0,0,
27e7e98384cc28ae,5d4beecccf0b3a0f3f3520d2,prompted,switch,Q1,as,ph,Philippines,data/images/5d4beecccf0b3a0f3f3520d2.jpg,the main household object in this image is a light switch,1,1,1,0,0,1,0,0,1,0,1,0,0,
029a99ec4d6caf30,5d4bf3a8cf0b3a0f3f35a67c,baseline,roof,Q1,af,bf,Burkina Faso,data/images/5d4bf3a8cf0b3a0f3f35a67c.jpg,a close up of a table with a bunch of bamboo sticks,1,0,0,0,0,1,0,1,0,1,0,0,1,
82b316bbc747e9c9,5d4bf18bcf0b3a0f3f356b06,baseline,trash container,Q3,as,in,India,data/images/5d4bf18bcf0b3a0f3f356b06.jpg,a toilet with a paper bag on the floor,0,0,1,0,0,1,1,1,1,0,0,0,1,
54a4d7224fbbb457,5ec4fa89f0611d7ddd742087,baseline,roof,Q2,am,br,Brazil,data/images/5ec4fa89f0611d7ddd742087.jpg,a room with a ladder and a television,0,0,1,0,0,1,1,1,1,0,0,0,1,
20de7f3f02adc3dc,5d4be0dccf0b3a0f3f33a033,baseline,footwear,Q4,eu,nl,Netherlands,data/images/5d4be0dccf0b3a0f3f33a033.JPG,a man standing on a kitchen floor next to a pair of shoes,1,1,1,0,0,1,0,0,1,0,1,0,0,
f0a0211a0afc228a,5ec4f919f0611d7ddd741478,prompted,switch,Q4,eu,es,Spain,data/images/5ec4f919f0611d7ddd741478.jpg,the main household object in this image is a light switch,1,1,1,0,0,1,0,0,1,0,1,0,0,
5fdf63051012168d,5d4bf3e7cf0b3a0f3f35abe2,prompted,trash container,Q2,am,bo,Bolivia,data/images/5d4bf3e7cf0b3a0f3f35abe2.jpg,the main household object in this image is a pile of garbage,1,1,1,0,0,1,0,0,1,0,1,0,0,
da724e7fe06249cf,5d4be8dccf0b3a0f3f3478b6,prompted,trash container,Q4,eu,ua,Ukraine,data/images/5d4be8dccf0b3a0f3f3478b6.jpg,the main household object in this image is a blue bag,1,1,1,0,0,1,0,0,1,0,1,0,0,
48079badec5f8ff6,5d4bee51cf0b3a0f3f3512b8,baseline,trash container,Q2,af,rw,Rwanda,data/images/5d4bee51cf0b3a0f3f3512b8.jpg,a pile of dirt with a blue cloth on it,1,1,1,0,0,1,0,0,1,0,1,0,0,
48279322de491c97,5d4be61ccf0b3a0f3f343139,prompted,roof,Q4,af,za,South Africa,data/images/5d4be61ccf0b3a0f3f343139.jpg,the main household object in this image is a toilet,0,0,1,0,0,1,1,1,1,0,0,0,1,
81798f51fc8f22d0,5ec4fa5ff0611d7ddd741f24,baseline,switch,Q4,eu,cz,Czech Republic,data/images/5ec4fa5ff0611d7ddd741f24.jpg,a white light switch on a wall,1,1,1,0,0,1,0,0,1,0,1,0,0,
36cab193b34a4cbe,5d4bf151cf0b3a0f3f356556,prompted,switch,Q1,as,id,Indonesia,data/images/5d4bf151cf0b3a0f3f356556.jpg,the main household object in this image is a light switch,1,1,1,0,0,1,0,0,1,0,1,0,0,
01d5d57d52f3a069,5d4be0fecf0b3a0f3f33a415,baseline,stove,Q3,as,in,India,data/images/5d4be0fecf0b3a0f3f33a415.jpeg,a stove with three pots on top of it,1,1,1,0,0,1,0,0,1,0,1,0,0,
9a820e9a11c9f967,5fa325b3a4fd6154365dfcd4,prompted,switch,Q3,am,co,Colombia,data/images/5fa325b3a4fd6154365dfcd4.jpeg,the main household object in this image is a plug and socket,1,1,1,0,0,1,0,0,1,0,1,0,0,
17d085dd7ce04c93,5d4be15bcf0b3a0f3f33aee7,prompted,stove,Q2,am,br,Brazil,data/images/5d4be15bcf0b3a0f3f33aee7.JPG,the main household object in this image is a stove,1,1,1,0,0,1,0,0,1,0,1,0,0,
31683c8e4b32719d,5f8c634fe894f07b8477dfbe,prompted,switch,Q2,as,pk,Pakistan,data/images/5f8c634fe894f07b8477dfbe.jpg,the main household object in this image is a white electrical outlet with a white light switch,1,1,1,0,0,1,0,0,1,0,1,0,0,
abd7393a993f829b,5d4be02ecf0b3a0f3f338c56,prompted,switch,Q3,eu,nl,Netherlands,data/images/5d4be02ecf0b3a0f3f338c56.JPG,the main household object in this image is a black and gold double - socket socket,1,1,1,0,0,1,0,0,1,0,1,0,0,
cf04993091e04ea4,5d4beeb5cf0b3a0f3f351e3c,baseline,trash container,Q1,as,ph,Philippines,data/images/5d4beeb5cf0b3a0f3f351e3c.jpg,a green trash can sitting next to a blue trash can,1,1,1,0,0,1,0,0,1,0,1,0,0,
21a4b7ce4581cc54,5d4be78acf0b3a0f3f345a14,prompted,footwear,Q1,as,id,Indonesia,data/images/5d4be78acf0b3a0f3f345a14.jpg,the main household object in this image is a pair of red shoes,1,1,1,0,0,1,0,0,1,0,1,0,0,
5405d3de3dc16583,5d4beee9cf0b3a0f3f352444,prompted,footwear,Q1,af,ng,Nigeria,data/images/5d4beee9cf0b3a0f3f352444.jpg,the main household object in this image is a pair of flip flops,1,1,1,0,0,1,0,0,1,0,1,0,0,
127f836645d538a5,5d4bdfc3cf0b3a0f3f33824f,prompted,footwear,Q4,am,co,Colombia,data/images/5d4bdfc3cf0b3a0f3f33824f.jpg,the main household object in this image is a pair of shoes,1,1,1,0,0,1,0,0,1,0,1,0,0,
723c6a68e5036855,5d4bef89cf0b3a0f3f3536f2,baseline,switch,Q3,am,mx,Mexico,data/images/5d4bef89cf0b3a0f3f3536f2.jpg,a white light switch on a wall,1,1,1,0,0,1,0,0,1,0,1,0,0,
c1ab7fe7d88ee134,5d4be134cf0b3a0f3f33aa59,baseline,trash container,Q4,as,in,India,data/images/5d4be134cf0b3a0f3f33aa59.jpg,a metal basket with a piece of fruit inside,1,1,1,0,0,1,0,0,1,0,1,0,0,
e4ec767f2ee46b1c,5ec4f91cf0611d7ddd74148c,baseline,light source,Q4,eu,es,Spain,data/images/5ec4f91cf0611d7ddd74148c.jpg,a lamp on a table next to a cell,1,1,1,0,0,1,0,0,1,0,1,0,0,
a123ff76a347e861,5d4be417cf0b3a0f3f33f7d4,baseline,roof,Q4,eu,gb,United Kingdom,data/images/5d4be417cf0b3a0f3f33f7d4.JPG,a ceiling with a light on it,1,1,1,0,0,1,0,0,1,0,1,0,0,
e0f5dd6f1533cc9c,5d4bf151cf0b3a0f3f356556,baseline,switch,Q1,as,id,Indonesia,data/images/5d4bf151cf0b3a0f3f356556.jpg,a white light switch on a brick wall,1,1,1,0,0,1,0,0,1,0,1,0,0,
b4b92de8b445f2bd,5d4bed75cf0b3a0f3f34fa6a,baseline,stove,Q1,af,tn,Tunisia,data/images/5d4bed75cf0b3a0f3f34fa6a.jpg,a large metal jug sitting on top of a table,1,1,1,0,0,1,0,0,1,0,1,0,0,
ab9bf1e6eea14794,5d4be3ffcf0b3a0f3f33f500,baseline,roof,Q2,af,cm,Cameroon,data/images/5d4be3ffcf0b3a0f3f33f500.jpg,a room with a ceiling that has been stripped off,1,1,1,0,0,1,0,0,1,0,1,0,0,
e16e400feead5927,5d4be118cf0b3a0f3f33a717,prompted,light source,Q4,as,in,India,data/images/5d4be118cf0b3a0f3f33a717.jpeg,the main household object in this image is a lantern,1,1,1,0,0,1,0,0,1,0,1,0,0,
b19648a259d77a93,5d4be09bcf0b3a0f3f3398ab,baseline,roof,Q3,am,br,Brazil,data/images/5d4be09bcf0b3a0f3f3398ab.JPG,a light that is on the ceiling in a room,1,1,1,0,0,1,0,0,1,0,1,0,0,
33b48d5b09e49b57,5ec4fad3f0611d7ddd7422fa,prompted,footwear,Q2,af,gh,Ghana,data/images/5ec4fad3f0611d7ddd7422fa.jpg,the main household object in this image is a pair of sandals,1,1,1,0,0,1,0,0,1,0,1,0,0,
d90e7e20ebe0c04b,5d4be672cf0b3a0f3f343b13,baseline,stove,Q3,af,tz,Tanzania,data/images/5d4be672cf0b3a0f3f343b13.jpg,a woman is standing in front of a microwave,1,1,1,0,0,1,0,0,1,0,1,0,0,
438b3fe512309e94,5ec4f9e1f0611d7ddd741b27,prompted,trash container,Q3,af,et,Ethiopia,data/images/5ec4f9e1f0611d7ddd741b27.JPG,the main household object in this image is a basket,1,1,1,0,0,1,0,0,1,0,1,0,0,
8dff067f2d506f5c,5d4be7afcf0b3a0f3f345e48,baseline,trash container,Q1,as,bd,Bangladesh,data/images/5d4be7afcf0b3a0f3f345e48.jpg,a bucket is sitting on the ground,1,1,1,0,0,1,0,0,1,0,1,0,0,
00ba8d5f3aa6ce8b,5d4bee44cf0b3a0f3f351150,prompted,footwear,Q2,af,rw,Rwanda,data/images/5d4bee44cf0b3a0f3f351150.jpg,the main household object in this image is a pair of blue rubber shoes,1,1,1,0,0,1,0,0,1,0,1,0,0,
b9926bd974311691,5d4be977cf0b3a0f3f348ac0,baseline,switch,Q4,as,jo,Jordan,data/images/5d4be977cf0b3a0f3f348ac0.jpg,two white switches on a wall,1,1,1,0,0,1,0,0,1,0,1,0,0,
538cc7503a70e8c1,5d4beee9cf0b3a0f3f352444,baseline,footwear,Q1,af,ng,Nigeria,data/images/5d4beee9cf0b3a0f3f352444.jpg,a pair of flip flops on a rock,1,1,1,0,0,1,0,0,1,0,1,0,0,
e3a39412fdee3a9c,5ec4f5caf4a4fb7dc0387a0c,baseline,stove,Q4,eu,ru,Russia,data/images/5ec4f5caf4a4fb7dc0387a0c.jpg,a black oven with a blue handle,1,1,1,0,0,1,0,0,1,0,1,0,0,
af66a9999c02ffaa,5d4be176cf0b3a0f3f33b207,baseline,stove,Q2,am,br,Brazil,data/images/5d4be176cf0b3a0f3f33b207.jpg,a stove with a pot on top of it,1,1,1,0,0,1,0,0,1,0,1,0,0,
9751631e30467ee3,5d4beee5cf0b3a0f3f3523d2,baseline,trash container,Q1,af,ng,Nigeria,data/images/5d4beee5cf0b3a0f3f3523d2.jpg,a dirt road with trash and trash on it,1,1,1,0,0,1,0,0,1,0,1,0,0,
b545b93f9296e3e5,5d4bf150cf0b3a0f3f356534,prompted,stove,Q1,as,id,Indonesia,data/images/5d4bf150cf0b3a0f3f356534.jpg,"the main household object in this image is a stove, a pot, a pan, a bowl, a bowl, a bowl, a bowl",1,1,1,0,0,1,0,0,1,0,1,0,0,
18e415caafe24b23,5d4bf24dcf0b3a0f3f3580a2,prompted,footwear,Q1,am,co,Colombia,data/images/5d4bf24dcf0b3a0f3f3580a2.jpg,the main household object in this image is a pair of shoes,1,1,1,0,0,1,0,0,1,0,1,0,0,
2d1099ce901cad75,5d4be0becf0b3a0f3f339caf,prompted,trash container,Q4,as,in,India,data/images/5d4be0becf0b3a0f3f339caf.jpg,the main household object in this image is a trash bin,1,1,1,0,0,1,0,0,1,0,1,0,0,
86d80761f86d7a65,5d4be61ccf0b3a0f3f343139,baseline,roof,Q4,af,za,South Africa,data/images/5d4be61ccf0b3a0f3f343139.jpg,a white wall with a black and white cat,0,0,1,0,0,1,1,1,1,0,0,0,1,
5e87f4fa749561f3,5ec4f5c4f4a4fb7dc03879d4,baseline,trash container,Q4,eu,ru,Russia,data/images/5ec4f5c4f4a4fb7dc03879d4.jpg,a trash can be found in a kitchen,1,1,1,0,0,1,0,0,1,0,1,0,0,
be644282a8b11dd0,5d4be3ffcf0b3a0f3f33f500,prompted,roof,Q2,af,cm,Cameroon,data/images/5d4be3ffcf0b3a0f3f33f500.jpg,the main household object in this image is a ceiling,1,1,1,0,0,1,0,0,1,0,1,0,0,
d2a34adf540b39f6,5d4be7b6cf0b3a0f3f345f1c,prompted,trash container,Q1,as,bd,Bangladesh,data/images/5d4be7b6cf0b3a0f3f345f1c.jpg,the main household object in this image is a pile of garbage,1,1,1,0,0,1,0,0,1,0,1,0,0,
f558a32af72dcdb0,5ec4fb75f0611d7ddd74284a,baseline,footwear,Q3,am,co,Colombia,data/images/5ec4fb75f0611d7ddd74284a.jpg,a pair of blue crocs with colorful animals on them,1,1,1,0,0,1,0,0,1,0,1,0,0,
2c470810caa71c80,5d4bdfa0cf0b3a0f3f337f53,prompted,light source,Q2,am,pe,Peru,data/images/5d4bdfa0cf0b3a0f3f337f53.jpg,the main household object in this image is a lamp,1,1,1,0,0,1,0,0,1,0,1,0,0,
ad12e54719001872,5ec4f845f0611d7ddd740d5c,prompted,trash container,Q4,am,us,United States,data/images/5ec4f845f0611d7ddd740d5c.JPG,the main household object in this image is a refrigerator,0,0,1,0,0,1,1,1,1,0,0,0,1,
3188e2596a0cb58b,5d4bf2a9cf0b3a0f3f358a8e,baseline,light source,Q4,as,cn,China,data/images/5d4bf2a9cf0b3a0f3f358a8e.jpg,a ceiling with a bunch of lights on it,1,1,1,0,0,1,0,0,1,0,1,0,0,
422e77c374e41b0b,5d4beab0cf0b3a0f3f34ae70,baseline,light source,Q1,as,in,India,data/images/5d4beab0cf0b3a0f3f34ae70.jpg,a room with a ceiling and a ceiling fan,0,1,0,0,0,1,1,1,1,1,1,0,1,
